state,year,megatonnes CO2
AL,1990,28.15818628830863
AL,1991,28.75521920024637
AL,1992,29.5130062251959
AL,1993,29.32187254304917
AL,1994,30.53324133787547
AL,1995,32.04765310305093
AL,1996,31.4497347926795
AL,1997,31.07196459867536
AL,1998,31.66234590222074
AL,1999,32.02799170241256
AL,2000,33.67278816307523
AL,2001,31.4727456849168
AL,2002,33.44053494061244
AL,2003,32.72032936230629
AL,2004,35.07894074934664
AL,2005,34.8300879140412
AL,2006,35.44825461676693
AL,2007,35.71809210524573
AL,2008,32.89418035506606
AL,2009,31.89945227629747
AL,2010,32.18818580884574
AL,2011,32.15908859202709
AL,2012,31.68276934068877
AL,2013,31.07029460304183
AL,2014,31.03492701197203
AL,2015,31.99277020761323
AL,2016,33.54172482358647
AL,2017,33.2080841742628
AL,2018,32.55959092358206
AL,2019,33.4661405486364
AL,2020,33.23897709400436
AL,2021,37.12716071895746
AL,2022,36.628870312529
AK,1990,12.0646058007497
AK,1991,11.13813205559633
AK,1992,10.83442816101543
AK,1993,10.9956523603641
AK,1994,11.1683821002567
AK,1995,12.31331470878226
AK,1996,11.99355090145263
AK,1997,13.47008362553297
AK,1998,13.73218966584374
AK,1999,14.7948501158216
AK,2000,15.74014146900653
AK,2001,14.7281885606614
AK,2002,15.02855060267953
AK,2003,15.78231616456733
AK,2004,19.1669364176598
AK,2005,19.0287290502177
AK,2006,19.17950093413163
AK,2007,18.04709604723263
AK,2008,15.4890240509774
AK,2009,13.6623450161506
AK,2010,13.89382021012993
AK,2011,13.24744106564487
AK,2012,12.0075959043766
AK,2013,10.87158748723447
AK,2014,10.95757448426043
AK,2015,11.6484933366241
AK,2016,10.9607474989463
AK,2017,11.13626861200773
AK,2018,11.7097640651475
AK,2019,11.7690103833302
AK,2020,11.79913170175337
AK,2021,13.93969736648427
AK,2022,13.56595650174453
AZ,1990,22.7539763103015
AZ,1991,23.28712302262646
AZ,1992,23.66296118922046
AZ,1993,24.87648540854547
AZ,1994,25.59197129798943
AZ,1995,26.07324902350519
AZ,1996,27.71701818562124
AZ,1997,27.7359209435616
AZ,1998,29.90117856564044
AZ,1999,31.56287545323074
AZ,2000,32.58788331722366
AZ,2001,33.49318790619303
AZ,2002,34.3064066255889
AZ,2003,35.73555147108613
AZ,2004,36.3205327102915
AZ,2005,36.86660429522987
AZ,2006,38.11647972531263
AZ,2007,37.50517037224687
AZ,2008,34.3338414387496
AZ,2009,32.323611687488
AZ,2010,35.260231913544
AZ,2011,34.96520995028636
AZ,2012,34.2331293076927
AZ,2013,34.55581702228993
AZ,2014,34.84818676154567
AZ,2015,35.37382690203047
AZ,2016,36.1808855016906
AZ,2017,36.48635908893946
AZ,2018,37.27088298705053
AZ,2019,38.3203732699799
AZ,2020,34.05943750313426
AZ,2021,38.15066035346536
AZ,2022,38.2467716543187
AR,1990,16.10787538491377
AR,1991,16.2434801554014
AR,1992,16.157545455909
AR,1993,16.86556271888363
AR,1994,18.01175885636307
AR,1995,18.38809250552047
AR,1996,18.76342127758853
AR,1997,19.3337649293657
AR,1998,19.55073780685777
AR,1999,20.77259839539317
AR,2000,21.01842828449613
AR,2001,19.77184004918466
AR,2002,20.3847992917932
AR,2003,20.53027948777923
AR,2004,20.65657706441816
AR,2005,20.57695988073843
AR,2006,20.5954036650054
AR,2007,20.89901011715
AR,2008,20.09353695901786
AR,2009,19.86699177675447
AR,2010,19.75129154352053
AR,2011,19.46881385913493
AR,2012,18.81578685037957
AR,2013,18.53221939098237
AR,2014,18.76259837704853
AR,2015,18.55805233857593
AR,2016,18.92185692231083
AR,2017,19.09910832958296
AR,2018,19.2647024173307
AR,2019,19.46890069807026
AR,2020,18.31091087207506
AR,2021,19.27420478524163
AR,2022,19.08780241674937
CA,1990,202.4790057470037
CA,1991,192.109564155025
CA,1992,191.7281775755892
CA,1993,187.6621014253916
CA,1994,195.9533943932851
CA,1995,200.1880355173853
CA,1996,204.3774137300174
CA,1997,199.1925465645834
CA,1998,200.0253427565774
CA,1999,204.2652046766555
CA,2000,216.4097714968776
CA,2001,211.4933752582504
CA,2002,223.4282267609869
CA,2003,215.5464118249772
CA,2004,223.8217765640985
CA,2005,228.8444233971786
CA,2006,233.4991018867055
CA,2007,235.6967389799598
CA,2008,218.9100938135452
CA,2009,213.3922211610292
CA,2010,200.7571028346682
CA,2011,192.7975161271478
CA,2012,188.9374250384408
CA,2013,187.8293645702148
CA,2014,188.7463442874974
CA,2015,193.5292296401321
CA,2016,200.6134389604521
CA,2017,206.3712616963782
CA,2018,207.6405468692716
CA,2019,207.6548399672685
CA,2020,159.1302554620966
CA,2021,179.8214886935258
CA,2022,183.9261076009907
CO,1990,19.1274982319333
CO,1991,19.33074050136533
CO,1992,19.6181220149541
CO,1993,21.34659162976157
CO,1994,21.60337445097333
CO,1995,22.3137938872244
CO,1996,22.8349493292767
CO,1997,22.66445655885363
CO,1998,23.78908795174377
CO,1999,25.32308463381364
CO,2000,25.7676681724792
CO,2001,26.9825249538768
CO,2002,26.8066951709953
CO,2003,26.63292878715626
CO,2004,29.24651615833787
CO,2005,29.75935187867841
CO,2006,30.5852887231881
CO,2007,31.16031462557017
CO,2008,29.58347245228284
CO,2009,28.74355683537947
CO,2010,29.12950445184524
CO,2011,28.33809474791716
CO,2012,28.0656607428802
CO,2013,27.9324339322468
CO,2014,28.7830945209731
CO,2015,28.3502333508328
CO,2016,28.86360550656477
CO,2017,29.21262867125496
CO,2018,30.22769024020423
CO,2019,30.9237029077251
CO,2020,25.30839278282187
CO,2021,29.31502195656026
CO,2022,34.13571545451686
CT,1990,14.64925827812883
CT,1991,14.55150556568133
CT,1992,14.66679442444773
CT,1993,14.66042342285693
CT,1994,14.57675588218997
CT,1995,14.3234773541497
CT,1996,15.1395785819344
CT,1997,15.18033151625247
CT,1998,15.40876604472627
CT,1999,16.65107612512777
CT,2000,16.2574550087708
CT,2001,16.90158016944246
CT,2002,16.81465348740834
CT,2003,17.57830519554267
CT,2004,19.28093954055903
CT,2005,18.29885939238463
CT,2006,17.53431046839963
CT,2007,17.42844860623643
CT,2008,16.39936634989327
CT,2009,15.99069311293997
CT,2010,15.89418269365336
CT,2011,15.6026181118555
CT,2012,15.20999402582037
CT,2013,14.8599570276729
CT,2014,14.88015796381584
CT,2015,14.95186911141953
CT,2016,15.07166976717857
CT,2017,15.2878477775023
CT,2018,15.67034100192807
CT,2019,15.3711249114852
CT,2020,12.95850346254273
CT,2021,14.1663087159858
CT,2022,14.8934322415494
DE,1990,4.511248961759833
DE,1991,5.052620449411333
DE,1992,4.6767088968952
DE,1993,4.868474641637933
DE,1994,4.526867169312034
DE,1995,4.296431783479366
DE,1996,4.767864984500567
DE,1997,4.6563235035262
DE,1998,4.693581886833033
DE,1999,4.869778551544867
DE,2000,5.093775556013466
DE,2001,4.690678757285033
DE,2002,4.921809236642466
DE,2003,4.880104272032366
DE,2004,4.948158919672466
DE,2005,5.135694510900067
DE,2006,5.163106635138466
DE,2007,5.1647082262424
DE,2008,4.901597072524901
DE,2009,4.725350892928232
DE,2010,5.4716560652655
DE,2011,4.984004845352133
DE,2012,4.892190313621233
DE,2013,4.567508046425133
DE,2014,4.612898253540867
DE,2015,4.835456021316434
DE,2016,5.0447922371737
DE,2017,5.327746966066432
DE,2018,5.604991463047166
DE,2019,5.806023097151567
DE,2020,4.8867741759573
DE,2021,5.3620284229699
DE,2022,5.180712968917934
FL,1990,81.30205783064457
FL,1991,77.0507637682893
FL,1992,79.78668050260525
FL,1993,78.57275529975263
FL,1994,84.0810156054275
FL,1995,86.32386724573406
FL,1996,87.24993895800968
FL,1997,90.44316666543436
FL,1998,91.87199252066037
FL,1999,94.5892931124262
FL,2000,100.9344305569934
FL,2001,99.01543960332346
FL,2002,101.2836728988473
FL,2003,100.8900203501241
FL,2004,111.0811451946232
FL,2005,113.5241310787349
FL,2006,116.2339015017873
FL,2007,114.4908460203625
FL,2008,103.6214088322061
FL,2009,97.25429697857426
FL,2010,106.8997958568371
FL,2011,105.0817602601517
FL,2012,103.0393320234282
FL,2013,104.2496944768151
FL,2014,105.7430506279708
FL,2015,109.5007101185847
FL,2016,111.6774569922407
FL,2017,114.3503676551881
FL,2018,120.2649117634686
FL,2019,118.3565550497293
FL,2020,95.57033998937297
FL,2021,113.8423396305147
FL,2022,118.3276273890249
GA,1990,48.5953037783147
GA,1991,47.39320806734287
GA,1992,47.83753982883626
GA,1993,52.9415117172315
GA,1994,53.60936081497003
GA,1995,56.22270355143603
GA,1996,59.6007459274667
GA,1997,57.27995112863906
GA,1998,59.28320184752314
GA,1999,61.26072983279627
GA,2000,61.78892010344056
GA,2001,61.37526520471535
GA,2002,61.49494595628926
GA,2003,64.0651859948793
GA,2004,66.4282239717591
GA,2005,69.02479560476024
GA,2006,68.11574674056973
GA,2007,66.31733862741827
GA,2008,59.96104334941197
GA,2009,64.02080950944837
GA,2010,68.14381426692435
GA,2011,66.65116917774625
GA,2012,62.32447305681409
GA,2013,63.5910599088094
GA,2014,61.44872451025623
GA,2015,64.55032142997753
GA,2016,61.72610226493261
GA,2017,65.36329665088812
GA,2018,63.62112539998783
GA,2019,63.29969574077416
GA,2020,55.52003010715663
GA,2021,58.1585941932248
GA,2022,59.36239189837073
HI,1990,11.10138120552633
HI,1991,10.87871441193496
HI,1992,10.38785201636417
HI,1993,9.3478053325668
HI,1994,10.04043356296053
HI,1995,9.893221657565768
HI,1996,8.732127832789534
HI,1997,8.409543955222299
HI,1998,8.215935538384933
HI,1999,8.8539906878555
HI,2000,9.042855328063332
HI,2001,9.529226686936733
HI,2002,10.10713976015187
HI,2003,11.81702168003757
HI,2004,12.4534762152559
HI,2005,12.8326944309586
HI,2006,13.01576768290407
HI,2007,14.0175197047842
HI,2008,9.590418162330135
HI,2009,9.315334555844167
HI,2010,11.098767788559
HI,2011,11.36727608403347
HI,2012,11.39690496213977
HI,2013,11.61187329775147
HI,2014,11.10205076922003
HI,2015,11.3256195618489
HI,2016,11.41878378001203
HI,2017,11.97801943207797
HI,2018,12.15214025964473
HI,2019,12.2528041965021
HI,2020,7.597918293012667
HI,2021,9.978902216639769
HI,2022,10.9310193661108
ID,1990,6.3601166806419
ID,1991,6.224200463365499
ID,1992,6.339911201678999
ID,1993,7.137464365735734
ID,1994,7.270334582180634
ID,1995,7.767757219529634
ID,1996,7.9170253255676
ID,1997,8.125899145739465
ID,1998,8.278618987023368
ID,1999,8.7357298823377
ID,2000,8.843600424308466
ID,2001,8.593447448720934
ID,2002,8.740205321785666
ID,2003,8.401974018385198
ID,2004,8.695187070593098
ID,2005,8.667773101234866
ID,2006,9.262259661115632
ID,2007,9.5206890543589
ID,2008,8.6070142117256
ID,2009,8.481469064972933
ID,2010,9.485697914556965
ID,2011,9.015455521099499
ID,2012,9.0493631492561
ID,2013,9.259844376784832
ID,2014,9.472384054988067
ID,2015,10.35425605166517
ID,2016,10.63605624830504
ID,2017,10.79127704404163
ID,2018,11.00662033185293
ID,2019,11.36081870046603
ID,2020,10.60395219698797
ID,2021,11.44507346186086
ID,2022,11.54066555733483
IL,1990,54.91909383148759
IL,1991,52.76765449449963
IL,1992,53.72579816528503
IL,1993,55.63883922585597
IL,1994,53.70005043221646
IL,1995,55.26413551572431
IL,1996,57.3496655281935
IL,1997,57.6873555107201
IL,1998,58.8246352519518
IL,1999,64.98210578874153
IL,2000,67.1836798084463
IL,2001,64.60594423201856
IL,2002,62.45648841832656
IL,2003,66.00405118309163
IL,2004,69.2303121476923
IL,2005,76.63559163266821
IL,2006,72.99227097170431
IL,2007,72.82449929938626
IL,2008,68.43081540199813
IL,2009,66.85185162318007
IL,2010,66.68780931973086
IL,2011,65.96364869563442
IL,2012,63.56114822449479
IL,2013,64.3904769020458
IL,2014,66.14467908043783
IL,2015,68.82845874730467
IL,2016,68.50915576148233
IL,2017,68.9584121728997
IL,2018,69.15345095681953
IL,2019,67.15887335826166
IL,2020,53.9274485943963
IL,2021,59.6744565088617
IL,2022,59.7680963552805
IN,1990,41.11413460963563
IN,1991,40.15705987697177
IN,1992,39.56978982949849
IN,1993,41.0268375523743
IN,1994,42.57135077249523
IN,1995,43.74720504205297
IN,1996,43.0312006637645
IN,1997,43.0915576626227
IN,1998,43.4753077649088
IN,1999,44.3536342190194
IN,2000,46.73671268666143
IN,2001,42.49190682753683
IN,2002,45.83620671161987
IN,2003,47.84261811216873
IN,2004,45.17954632232433
IN,2005,45.2757135434527
IN,2006,46.28942085043429
IN,2007,45.00120032884887
IN,2008,41.48127496381697
IN,2009,39.88802789622639
IN,2010,40.35573834969527
IN,2011,39.62771426333573
IN,2012,38.73565184591556
IN,2013,40.27145451180683
IN,2014,41.1808731851385
IN,2015,41.35195406170143
IN,2016,40.96385611349277
IN,2017,39.2893502522125
IN,2018,38.71210518061773
IN,2019,38.62858457630993
IN,2020,35.40658437997633
IN,2021,39.2184634174641
IN,2022,38.39728047051599
IA,1990,16.43665454623427
IA,1991,15.9136031553015
IA,1992,15.7865856439027
IA,1993,16.0451349205444
IA,1994,16.9995608647282
IA,1995,17.68263228938287
IA,1996,18.95826577620727
IA,1997,18.4717100473906
IA,1998,19.1022592368322
IA,1999,18.94884181059577
IA,2000,18.7805730057121
IA,2001,18.58173480450063
IA,2002,19.1760698093745
IA,2003,19.56291408254003
IA,2004,20.5089638956004
IA,2005,21.13874816882693
IA,2006,21.69954585515237
IA,2007,22.02367313083777
IA,2008,21.09012749787167
IA,2009,20.60756282670873
IA,2010,20.7836809929045
IA,2011,20.83671718648117
IA,2012,19.7684156246709
IA,2013,19.96678861492773
IA,2014,20.61920527052283
IA,2015,19.94932759467193
IA,2016,20.98367411780017
IA,2017,20.032077074328
IA,2018,20.26870030165787
IA,2019,20.31396879188746
IA,2020,18.54597421356167
IA,2021,19.59317481436626
IA,2022,19.70152001452433
KS,1990,19.2314294718667
KS,1991,17.9590410663895
KS,1992,17.72861328649473
KS,1993,17.94099446583913
KS,1994,16.9816977997975
KS,1995,18.90740982387217
KS,1996,18.78038682395297
KS,1997,18.59227878167293
KS,1998,18.62660676495886
KS,1999,19.70266932227257
KS,2000,18.7853213616354
KS,2001,17.44709813209036
KS,2002,17.802922582676
KS,2003,19.7459928569453
KS,2004,19.04111521969433
KS,2005,17.76930689522523
KS,2006,18.92170019640413
KS,2007,19.27163444856173
KS,2008,18.66909797597093
KS,2009,19.31733704406477
KS,2010,18.6421137828134
KS,2011,18.00771244327879
KS,2012,17.94164433552077
KS,2013,18.9590026839917
KS,2014,20.309157984577
KS,2015,18.6246016773102
KS,2016,18.26004810783083
KS,2017,17.76384414362726
KS,2018,18.80402930186403
KS,2019,19.26823565042603
KS,2020,17.20834444249947
KS,2021,17.38195878329056
KS,2022,17.98190306624653
KY,1990,26.51114507298803
KY,1991,26.50753172736936
KY,1992,27.74379495652856
KY,1993,28.76585480295487
KY,1994,28.51392569698823
KY,1995,29.63743128971643
KY,1996,27.87682023111077
KY,1997,30.14335868980847
KY,1998,30.13615788857556
KY,1999,31.22533994891776
KY,2000,31.59016384241997
KY,2001,31.9185645321026
KY,2002,33.01032286541183
KY,2003,31.86448966672583
KY,2004,34.47079944870723
KY,2005,33.4247775062806
KY,2006,33.3157935493922
KY,2007,34.60565542290486
KY,2008,31.5522338627265
KY,2009,31.97907120066964
KY,2010,32.26447850455683
KY,2011,31.89572958547323
KY,2012,30.78250319517084
KY,2013,30.5100485788351
KY,2014,31.0372610506948
KY,2015,31.45619154849233
KY,2016,31.47627514613157
KY,2017,32.04704078777777
KY,2018,33.61879059788553
KY,2019,33.0443552438582
KY,2020,30.71260921465183
KY,2021,33.36646199716683
KY,2022,33.60401902706053
LA,1990,48.7774830066194
LA,1991,51.34839872158223
LA,1992,51.46453122099593
LA,1993,51.22570814942314
LA,1994,53.8431602874506
LA,1995,53.87757042771766
LA,1996,59.18755655786563
LA,1997,56.54792922034043
LA,1998,55.33890916403629
LA,1999,55.1886485318157
LA,2000,61.1541762365545
LA,2001,53.53336338334637
LA,2002,54.85189562716307
LA,2003,54.88464094818063
LA,2004,53.65180156082009
LA,2005,50.93458112694307
LA,2006,54.87142348509579
LA,2007,50.42203327923483
LA,2008,47.3237746192684
LA,2009,46.48387978884576
LA,2010,42.02252324996477
LA,2011,42.8716659348516
LA,2012,38.80225346580587
LA,2013,37.5199159759688
LA,2014,35.6616316622918
LA,2015,36.24267984356506
LA,2016,37.51155429117581
LA,2017,40.66349006208024
LA,2018,37.59112091420363
LA,2019,39.98387866232283
LA,2020,38.64209438933286
LA,2021,44.31092501010266
LA,2022,47.34603806996103
ME,1990,8.261224301486934
ME,1991,7.564673575115433
ME,1992,7.4545425716311
ME,1993,7.548401572219567
ME,1994,7.673447371727499
ME,1995,7.273099339795301
ME,1996,7.521601977588968
ME,1997,7.894038601990199
ME,1998,7.705055957741267
ME,1999,7.961853657111933
ME,2000,8.610645968289932
ME,2001,7.6492390992963
ME,2002,8.7317677018352
ME,2003,9.446758413735498
ME,2004,8.701878086482534
ME,2005,9.336356050900267
ME,2006,9.372626634709066
ME,2007,8.9512546464869
ME,2008,8.028357679922433
ME,2009,8.381801001904
ME,2010,8.082551484161366
ME,2011,8.027886542406867
ME,2012,7.657414425216968
ME,2013,8.5029804477068
ME,2014,8.564910354238334
ME,2015,8.574746678727166
ME,2016,8.5341069003135
ME,2017,8.120958079282033
ME,2018,7.189771764836832
ME,2019,7.159861567633134
ME,2020,6.5563903331476
ME,2021,7.046875652008866
ME,2022,7.234032002708867
MD,1990,23.56911886073506
MD,1991,23.9671905859265
MD,1992,24.5599406970742
MD,1993,24.35352547304783
MD,1994,24.31541344524747
MD,1995,24.69942883672697
MD,1996,25.37961629205823
MD,1997,26.13130887981203
MD,1998,26.91045518261467
MD,1999,28.3442898704405
MD,2000,28.74321077299026
MD,2001,28.74474574410303
MD,2002,28.30581845058366
MD,2003,29.70220123506863
MD,2004,31.11564332301113
MD,2005,31.93972710020034
MD,2006,31.92691271221246
MD,2007,31.2949666791861
MD,2008,29.97415180302364
MD,2009,30.9737795844818
MD,2010,30.67570591381597
MD,2011,29.76051968560293
MD,2012,29.65033228608293
MD,2013,29.74761909593283
MD,2014,29.36353512635914
MD,2015,30.1380187616948
MD,2016,29.3057330417159
MD,2017,29.29948826713809
MD,2018,30.2935594907286
MD,2019,30.50295000637426
MD,2020,25.29547328927373
MD,2021,27.5027884250922
MD,2022,25.86855655370287
MA,1990,28.83762759476353
MA,1991,27.5901842147921
MA,1992,27.4358159518476
MA,1993,27.67717722447554
MA,1994,27.8305100262145
MA,1995,28.33952161592383
MA,1996,29.67937987417957
MA,1997,30.11642438740541
MA,1998,30.137407048386
MA,1999,30.9020276715084
MA,2000,32.21546547612029
MA,2001,31.61554470089106
MA,2002,31.73011374468063
MA,2003,31.99121914379416
MA,2004,33.53888851381786
MA,2005,33.85381430003907
MA,2006,32.81636973575069
MA,2007,33.11544752545003
MA,2008,32.6742918406894
MA,2009,30.01650665713004
MA,2010,30.62048535294907
MA,2011,30.58615993958396
MA,2012,29.97890327604516
MA,2013,31.10748544189183
MA,2014,29.87795495372673
MA,2015,30.77342296665303
MA,2016,31.54204367222554
MA,2017,31.20422816878767
MA,2018,31.73298570921306
MA,2019,31.8609772048238
MA,2020,23.780020244684
MA,2021,26.66466656569356
MA,2022,28.03276841678683
MI,1990,47.95204030060143
MI,1991,48.7575094092966
MI,1992,49.23301061907065
MI,1993,51.76570528745
MI,1994,51.77249053013436
MI,1995,53.25800061698344
MI,1996,53.96794756991477
MI,1997,55.07323588257076
MI,1998,56.37420688383953
MI,1999,58.82800194815794
MI,2000,57.31964601486639
MI,2001,56.39877824136563
MI,2002,57.55575791805217
MI,2003,55.87337397430984
MI,2004,56.18523050070552
MI,2005,55.40509186671287
MI,2006,55.33230498283619
MI,2007,54.5240249788883
MI,2008,50.03280339802946
MI,2009,48.64427311374584
MI,2010,50.39678483931374
MI,2011,49.3520472535123
MI,2012,48.3951555103962
MI,2013,50.2267687306319
MI,2014,49.68476965487201
MI,2015,51.30620931142263
MI,2016,51.85854230525467
MI,2017,51.07506949647814
MI,2018,52.74862528030479
MI,2019,51.84618863179176
MI,2020,43.14587415270513
MI,2021,47.15228055236197
MI,2022,47.1839004211036
MN,1990,23.77389455227563
MN,1991,25.02643407019323
MN,1992,26.4730508650674
MN,1993,27.50678271758853
MN,1994,28.43450089295383
MN,1995,29.5025021091383
MN,1996,30.50473308655777
MN,1997,29.99104513166996
MN,1998,31.4889685340626
MN,1999,33.57567962403747
MN,2000,35.07335301004993
MN,2001,34.13189636990576
MN,2002,34.683519087481
MN,2003,35.06234061389949
MN,2004,36.01325711739103
MN,2005,36.40578906274787
MN,2006,35.95459668412846
MN,2007,36.0297504130234
MN,2008,33.93019951002771
MN,2009,31.47914014350453
MN,2010,31.08701781759053
MN,2011,30.4818011571282
MN,2012,30.98572880875744
MN,2013,31.056724874835
MN,2014,31.1514328288801
MN,2015,31.1130645748527
MN,2016,32.66109617803194
MN,2017,32.86129401575863
MN,2018,32.99402400388856
MN,2019,33.35351490658184
MN,2020,26.7980324343413
MN,2021,28.934081899536
MN,2022,29.1442079768741
MS,1990,20.15286402822953
MS,1991,21.97136085084196
MS,1992,22.86596374256883
MS,1993,22.92360089397767
MS,1994,22.973869686757
MS,1995,23.21866295591187
MS,1996,23.48918803832444
MS,1997,24.30081464644093
MS,1998,24.54802028398353
MS,1999,25.8975590017386
MS,2000,25.31465149481107
MS,2001,24.4529343922831
MS,2002,24.9860801379882
MS,2003,26.77447522672853
MS,2004,25.84715117813106
MS,2005,25.2406326787857
MS,2006,26.75192631344346
MS,2007,26.38103683975246
MS,2008,25.17911608311807
MS,2009,24.546535681415
MS,2010,22.57594190945573
MS,2011,21.7863692646721
MS,2012,23.26600194822383
MS,2013,21.20132434972933
MS,2014,21.46043786740406
MS,2015,22.4751495434422
MS,2016,22.85342577243294
MS,2017,22.4034587099774
MS,2018,22.5437854434023
MS,2019,23.161073661528
MS,2020,22.0841799752761
MS,2021,23.1496263121541
MS,2022,23.31292556544636
MO,1990,33.7765169724488
MO,1991,33.66736876480083
MO,1992,34.93756530414663
MO,1993,35.75633596909734
MO,1994,36.7629628350754
MO,1995,38.18682498187223
MO,1996,40.27272381901816
MO,1997,41.19320849601357
MO,1998,44.82146435775177
MO,1999,44.16336111904713
MO,2000,39.58716427259916
MO,2001,39.53198723585796
MO,2002,40.47202154716856
MO,2003,42.29720152205643
MO,2004,40.86917727550239
MO,2005,41.5700112179308
MO,2006,42.01636154021569
MO,2007,42.28504878635143
MO,2008,39.47143960024247
MO,2009,38.6685190287517
MO,2010,39.49927029764723
MO,2011,38.49152250867512
MO,2012,37.15422344180543
MO,2013,37.2559483432697
MO,2014,37.70392087551136
MO,2015,37.59732608870259
MO,2016,38.2253271435607
MO,2017,38.0190312815995
MO,2018,38.07784337456807
MO,2019,38.230819232518
MO,2020,34.39735835716107
MO,2021,36.71964489911372
MO,2022,36.63086952713797
MT,1990,5.816099589379933
MT,1991,5.7517858615008
MT,1992,6.242707854605933
MT,1993,6.424369042443
MT,1994,6.689234110265666
MT,1995,6.9670745113992
MT,1996,6.8719497652718
MT,1997,7.030375925487566
MT,1998,7.047762313339733
MT,1999,7.317056677270266
MT,2000,7.480634135554433
MT,2001,7.574615424610299
MT,2002,7.592893345527233
MT,2003,7.263845717023132
MT,2004,7.809973334270799
MT,2005,8.2847687053637
MT,2006,8.529925492970198
MT,2007,8.919681757817234
MT,2008,8.1872146996662
MT,2009,7.792927490501633
MT,2010,8.096295582854966
MT,2011,8.094161397999965
MT,2012,7.846473009246299
MT,2013,7.943998643104332
MT,2014,7.6706166665007
MT,2015,7.4715664565124
MT,2016,7.753756695636234
MT,2017,7.9181966408644
MT,2018,7.9733808243298
MT,2019,7.847423015740732
MT,2020,7.900953949652865
MT,2021,8.067622519911167
MT,2022,7.9048132770244
NE,1990,10.6273584662993
NE,1991,10.3884791497729
NE,1992,10.78849831259127
NE,1993,10.55932564662837
NE,1994,10.8143435514708
NE,1995,11.48456346056727
NE,1996,12.58581985434876
NE,1997,12.78999607927507
NE,1998,13.3997216218063
NE,1999,13.73642044866997
NE,2000,12.19569739858947
NE,2001,11.43105596633
NE,2002,11.74347260450467
NE,2003,12.17379202226403
NE,2004,12.25937212712667
NE,2005,12.23141374577577
NE,2006,12.4050172769127
NE,2007,12.45766043714097
NE,2008,12.11991178716853
NE,2009,12.22606451481177
NE,2010,14.3509918911997
NE,2011,13.75711881237613
NE,2012,13.2798979768301
NE,2013,13.23164679032423
NE,2014,13.68161225498467
NE,2015,13.60003972136296
NE,2016,13.42247228540827
NE,2017,13.53541274647797
NE,2018,14.1486834345296
NE,2019,14.1536368947996
NE,2020,12.95123277768723
NE,2021,13.5654318749378
NE,2022,13.56896007649527
NV,1990,9.439398018726132
NV,1991,9.8372066265286
NV,1992,10.05312396306863
NV,1993,10.3743209500623
NV,1994,10.981742610036
NV,1995,11.4033891074312
NV,1996,12.7639319675736
NV,1997,12.7365787229791
NV,1998,13.06635408517707
NV,1999,13.89254017457203
NV,2000,14.57312661654373
NV,2001,14.5206715360817
NV,2002,14.7491706116018
NV,2003,15.24250325177433
NV,2004,16.12726616805297
NV,2005,16.78433679434197
NV,2006,17.9588188341848
NV,2007,18.12328019651343
NV,2008,16.07096936104513
NV,2009,14.48938947359053
NV,2010,17.562635261171
NV,2011,17.18782275303573
NV,2012,17.1180235100622
NV,2013,17.39648800754553
NV,2014,17.36563372102204
NV,2015,17.49717446413273
NV,2016,18.2345424731151
NV,2017,18.94669026861747
NV,2018,18.98530588653563
NV,2019,18.99403844384016
NV,2020,15.3514275508176
NV,2021,17.75989171032156
NV,2022,18.87488371891063
NH,1990,5.204906092162333
NH,1991,5.306743820602034
NH,1992,5.276290572864299
NH,1993,5.3596074997102
NH,1994,5.487756606618733
NH,1995,5.736302712946666
NH,1996,5.898291560012499
NH,1997,6.218090443702867
NH,1998,6.841223454392066
NH,1999,7.088509861594699
NH,2000,7.288828928038532
NH,2001,7.260368587374468
NH,2002,8.1240312372219
NH,2003,7.669863212204599
NH,2004,7.805953688355531
NH,2005,7.3286953286074
NH,2006,7.253496825319433
NH,2007,7.348246537764734
NH,2008,7.098726828228201
NH,2009,7.0341131042545
NH,2010,7.083552819826633
NH,2011,6.905588252930766
NH,2012,6.728817363671333
NH,2013,6.755450808321966
NH,2014,6.827072832499335
NH,2015,6.768465670788066
NH,2016,6.743268749875168
NH,2017,6.781143493404499
NH,2018,6.859468997008099
NH,2019,6.849431838205733
NH,2020,5.958713415577633
NH,2021,6.595401613300866
NH,2022,6.701135792450733
NJ,1990,56.92209184396569
NJ,1991,57.71368293622396
NJ,1992,58.00609716169583
NJ,1993,54.90450434325853
NJ,1994,60.0196396221708
NJ,1995,60.97114083594123
NJ,1996,59.09358275371797
NJ,1997,59.79207577014467
NJ,1998,60.73799728263081
NJ,1999,60.55938401133537
NJ,2000,65.1423657386348
NJ,2001,63.03126086134864
NJ,2002,63.76025447859026
NJ,2003,62.84518087600757
NJ,2004,64.68227066283472
NJ,2005,69.20901061985974
NJ,2006,68.56157008868016
NJ,2007,71.93683926748623
NJ,2008,72.4486202401907
NJ,2009,61.10077432086357
NJ,2010,53.52929169121452
NJ,2011,53.73013009351165
NJ,2012,51.169094062493
NJ,2013,51.13905459891433
NJ,2014,50.02241889441793
NJ,2015,49.93410594331133
NJ,2016,52.09262719278347
NJ,2017,49.72394262845057
NJ,2018,51.67717105193317
NJ,2019,48.2783317641592
NJ,2020,38.74864608047254
NJ,2021,42.3221055679499
NJ,2022,43.58732581030191
NM,1990,14.90282873289027
NM,1991,14.6674543307666
NM,1992,14.13872674902343
NM,1993,14.7750402037106
NM,1994,14.07345723433173
NM,1995,12.69630381057757
NM,1996,12.74773011890473
NM,1997,15.45135820873517
NM,1998,15.4438128433798
NM,1999,15.5030749321558
NM,2000,15.33245139200243
NM,2001,15.65180809781307
NM,2002,15.42496436914363
NM,2003,15.22628677130807
NM,2004,15.73487078651583
NM,2005,15.3216773605038
NM,2006,15.98486777336937
NM,2007,15.38478248641363
NM,2008,14.0076108617104
NM,2009,13.69209663339247
NM,2010,13.33267113655143
NM,2011,13.69460778919273
NM,2012,13.71272404972067
NM,2013,13.70046208346566
NM,2014,14.202319369007
NM,2015,14.26954870083417
NM,2016,13.9129187099969
NM,2017,14.87439006207037
NM,2018,15.46533365468373
NM,2019,15.66887385379617
NM,2020,14.6486848886554
NM,2021,16.1202261208032
NM,2022,15.5588543565554
NY,1990,63.90315328188367
NY,1991,62.29890111630974
NY,1992,60.83062273288439
NY,1993,61.71288056955377
NY,1994,60.64754951206307
NY,1995,62.45483117585983
NY,1996,65.6860897060731
NY,1997,65.64890238933803
NY,1998,66.16091988878203
NY,1999,66.52979627008514
NY,2000,67.35013209733893
NY,2001,66.9551921571203
NY,2002,68.55030417533797
NY,2003,74.11818028823632
NY,2004,75.34028191813053
NY,2005,73.36321541249067
NY,2006,74.49090316320472
NY,2007,73.75072788878153
NY,2008,72.92395096308778
NY,2009,70.8954437024548
NY,2010,81.18323235585933
NY,2011,75.88449607142212
NY,2012,74.13167103999727
NY,2013,74.68506850568426
NY,2014,78.80396281711361
NY,2015,77.0980407893443
NY,2016,80.1455149435171
NY,2017,80.86569624557197
NY,2018,81.43672922424966
NY,2019,79.40224080996349
NY,2020,59.65957874076456
NY,2021,69.11056703669799
NY,2022,74.92705579225422
NC,1990,38.24952010918683
NC,1991,37.79078540823006
NC,1992,38.5185089781756
NC,1993,39.89548756711797
NC,1994,41.1305402908576
NC,1995,42.76804063177727
NC,1996,45.27067217816477
NC,1997,46.07590344847013
NC,1998,47.12365404840097
NC,1999,48.094969757637
NC,2000,50.17063151186314
NC,2001,49.13610822340549
NC,2002,49.706893927328
NC,2003,51.06814971144552
NC,2004,52.25349983554653
NC,2005,53.35065478050733
NC,2006,52.87201293602066
NC,2007,54.24739665094457
NC,2008,52.19747919991917
NC,2009,47.7532522718383
NC,2010,52.19563132369704
NC,2011,50.62903478759573
NC,2012,48.96201249071623
NC,2013,50.18362536351633
NC,2014,51.07773211853877
NC,2015,52.0581425066868
NC,2016,53.29590644057827
NC,2017,53.8880125800335
NC,2018,54.68429262327276
NC,2019,55.8498029178881
NC,2020,49.64728707851476
NC,2021,54.43809621162477
NC,2022,54.42179754349799
ND,1990,4.6106873710612
ND,1991,4.684858475855433
ND,1992,4.905952398918999
ND,1993,5.126928316741367
ND,1994,5.075361881759767
ND,1995,5.083545921612034
ND,1996,5.216119720445699
ND,1997,5.296228498305066
ND,1998,4.733500066099567
ND,1999,5.648293637196467
ND,2000,5.568221207964799
ND,2001,6.015099873882366
ND,2002,5.985576212599133
ND,2003,6.1216535443998
ND,2004,6.3249390967829
ND,2005,6.242845789750533
ND,2006,6.201286551877632
ND,2007,7.054666032009567
ND,2008,6.271275339451834
ND,2009,5.875209589810367
ND,2010,6.714992288963566
ND,2011,7.762542800189099
ND,2012,8.8102387284219
ND,2013,9.116651415710667
ND,2014,9.750800241227834
ND,2015,9.046004078513965
ND,2016,8.0629105006802
ND,2017,8.5985413739698
ND,2018,9.113645400955699
ND,2019,9.4867657023953
ND,2020,8.329886488283432
ND,2021,8.723915158431
ND,2022,8.708845210332665
OH,1990,56.43590471841887
OH,1991,55.82777880454574
OH,1992,55.30410562243746
OH,1993,57.39337471804383
OH,1994,57.97317048954785
OH,1995,59.11212483530824
OH,1996,62.20884102393511
OH,1997,63.99846327112957
OH,1998,64.81268002370773
OH,1999,66.62795925749113
OH,2000,69.04708802234393
OH,2001,68.50692605601093
OH,2002,69.05040624658733
OH,2003,70.31689363750625
OH,2004,71.59295036403583
OH,2005,70.92229078744334
OH,2006,71.7292092370645
OH,2007,71.98160139202487
OH,2008,67.59606666741574
OH,2009,62.98803878332424
OH,2010,61.11861238856853
OH,2011,60.04916256458569
OH,2012,57.96097816452424
OH,2013,58.48051389305765
OH,2014,59.86509927070493
OH,2015,59.9949733281173
OH,2016,59.4901684258464
OH,2017,59.92104749852174
OH,2018,60.49151179751276
OH,2019,60.01465956410833
OH,2020,54.44405770763777
OH,2021,58.31023854238549
OH,2022,58.06745249100766
OK,1990,23.7492323793197
OK,1991,24.35394387511727
OK,1992,26.29228603183563
OK,1993,25.44128939525287
OK,1994,26.26861554577627
OK,1995,25.06502208050793
OK,1996,26.612493665857
OK,1997,26.3165680752733
OK,1998,26.88082268594837
OK,1999,28.14723331083144
OK,2000,30.3289961903192
OK,2001,33.0984833418976
OK,2002,30.90666986783383
OK,2003,31.6791388255804
OK,2004,29.03985291447827
OK,2005,30.6455672421569
OK,2006,31.58613175145083
OK,2007,32.1232400379308
OK,2008,31.765370682089
OK,2009,30.38435645329077
OK,2010,31.19722750772906
OK,2011,30.3015763165489
OK,2012,30.3411930198553
OK,2013,29.8090942380913
OK,2014,32.19867473411674
OK,2015,31.35435840471256
OK,2016,31.1848117982445
OK,2017,31.86016575546273
OK,2018,32.45773428430133
OK,2019,31.5785098008534
OK,2020,28.44724102396806
OK,2021,30.4871529636289
OK,2022,30.5223360926495
OR,1990,19.91886932484827
OR,1991,21.49553190378917
OR,1992,21.65979261914453
OR,1993,20.6987066369468
OR,1994,21.44714184962213
OR,1995,21.0928103096524
OR,1996,21.9044336422494
OR,1997,22.031469119253
OR,1998,23.0270134624299
OR,1999,23.25100545731554
OR,2000,22.7090600290708
OR,2001,21.6076869089004
OR,2002,22.01648138141357
OR,2003,22.1439346953341
OR,2004,22.83090497806213
OR,2005,23.27062498683927
OR,2006,23.85294478542396
OR,2007,24.2199790433271
OR,2008,22.34393085935633
OR,2009,22.39024965128197
OR,2010,21.965682105983
OR,2011,20.82365095444773
OR,2012,20.5194547047127
OR,2013,20.5234836667971
OR,2014,20.65235438745343
OR,2015,20.1551363096688
OR,2016,20.15561820203837
OR,2017,20.7281574624058
OR,2018,21.37692500405037
OR,2019,21.03774817695833
OR,2020,18.79392140947603
OR,2021,19.97611516735267
OR,2022,19.8195819000586
PA,1990,59.253604057065
PA,1991,59.15947846766833
PA,1992,60.44375080892535
PA,1993,61.83229475201826
PA,1994,62.14142654511587
PA,1995,62.92319453894649
PA,1996,62.6121822509271
PA,1997,65.38196525448353
PA,1998,67.47247178928006
PA,1999,68.059059312992
PA,2000,70.7342020927762
PA,2001,70.26772118059098
PA,2002,70.58662297826626
PA,2003,70.1201282724294
PA,2004,71.36493411200195
PA,2005,72.47034514035214
PA,2006,72.09447210454205
PA,2007,71.32304480701657
PA,2008,66.03040961054377
PA,2009,64.9077421531275
PA,2010,64.2429985199618
PA,2011,63.82789884210775
PA,2012,62.85128849985406
PA,2013,62.37319125055993
PA,2014,62.27669328548433
PA,2015,60.7482853217977
PA,2016,59.58377972950957
PA,2017,60.18427363430826
PA,2018,60.1944810215639
PA,2019,61.09471845435493
PA,2020,51.98312638768113
PA,2021,56.28953850225787
PA,2022,56.42579218418889
RI,1990,4.118639224537933
RI,1991,4.138374397625233
RI,1992,4.058894355511966
RI,1993,4.066347218604366
RI,1994,3.980421911449866
RI,1995,4.107193970176
RI,1996,4.1568835199848
RI,1997,4.618446046263133
RI,1998,4.4689883338012
RI,1999,4.646077790879067
RI,2000,4.660899322250966
RI,2001,4.678590228486167
RI,2002,4.632311419800899
RI,2003,4.595702750431466
RI,2004,4.392431614900633
RI,2005,4.3399423168871
RI,2006,4.420368113331866
RI,2007,4.317443194481999
RI,2008,4.058360057822401
RI,2009,4.1718021358937
RI,2010,4.1776813542035
RI,2011,3.976075727867833
RI,2012,3.7791893442358
RI,2013,3.778853285081966
RI,2014,4.019010048967099
RI,2015,3.9850501822406
RI,2016,3.7267007551532
RI,2017,3.795318431463533
RI,2018,3.946025664372367
RI,2019,3.9007716512083
RI,2020,3.316428445087266
RI,2021,3.6184662572322
RI,2022,3.7756419839083
SC,1990,22.00326004769163
SC,1991,22.7659078857419
SC,1992,21.97491020143723
SC,1993,22.26094352295184
SC,1994,22.66669675006147
SC,1995,22.68556831124504
SC,1996,23.23720208936537
SC,1997,24.27002677767836
SC,1998,25.6708264273098
SC,1999,26.4299487302191
SC,2000,27.22086925147113
SC,2001,27.34492303093282
SC,2002,27.93192777980036
SC,2003,28.47472675290319
SC,2004,32.23577977756437
SC,2005,30.48606611919256
SC,2006,31.97131035320603
SC,2007,31.8316155206148
SC,2008,30.00299823708771
SC,2009,30.52586190529956
SC,2010,31.4515701507568
SC,2011,30.77561206774119
SC,2012,29.62291782382717
SC,2013,30.57382587674983
SC,2014,30.03889888368893
SC,2015,31.56402494588676
SC,2016,32.40196563115894
SC,2017,33.01291676756663
SC,2018,32.959427371552
SC,2019,32.43304887700204
SC,2020,29.1906888872148
SC,2021,32.28380351811266
SC,2022,31.3681216380741
SD,1990,4.664490278033666
SD,1991,4.493512685373434
SD,1992,5.087527351585067
SD,1993,5.0720773469256
SD,1994,5.4002417994327
SD,1995,5.5200694232816
SD,1996,5.527852697636133
SD,1997,5.3803724018737
SD,1998,5.548852836113033
SD,1999,5.700156822733633
SD,2000,5.835934961540199
SD,2001,5.722383118779799
SD,2002,6.258510328134533
SD,2003,5.901398696804966
SD,2004,5.980360030540866
SD,2005,6.072661350032567
SD,2006,6.103284069007399
SD,2007,6.330876683282432
SD,2008,5.933298491823267
SD,2009,6.130115504006266
SD,2010,6.386055798865599
SD,2011,6.347898198985932
SD,2012,6.657801793179533
SD,2013,6.419150910694134
SD,2014,6.651437183982067
SD,2015,6.775153365719198
SD,2016,6.6832359984445
SD,2017,6.6445513175536
SD,2018,6.737466041909165
SD,2019,6.679238574539299
SD,2020,6.510752427897666
SD,2021,6.856982551017133
SD,2022,6.813689824523999
TN,1990,32.861978286478
TN,1991,31.16461478569487
TN,1992,32.57733569210816
TN,1993,34.2238539143226
TN,1994,35.0747499536368
TN,1995,36.97940596862269
TN,1996,38.27898046836123
TN,1997,38.6191887549072
TN,1998,39.50206289835667
TN,1999,40.7194205317207
TN,2000,41.72417661057359
TN,2001,41.34539406654874
TN,2002,43.8300496984636
TN,2003,45.37457014931096
TN,2004,45.22163881088223
TN,2005,45.3277872194807
TN,2006,45.68915594028536
TN,2007,45.70993677001584
TN,2008,42.10521642762087
TN,2009,40.643696690245
TN,2010,42.2903116318496
TN,2011,41.8782678204011
TN,2012,40.35448020606677
TN,2013,40.39384301463866
TN,2014,41.39731743275701
TN,2015,42.02623821036153
TN,2016,42.75450584120981
TN,2017,43.22304441197014
TN,2018,43.83781555572283
TN,2019,45.11168614143217
TN,2020,41.45408689908273
TN,2021,45.24017682663966
TN,2022,44.8488743667019
TX,1990,152.2399148174993
TX,1991,149.2337584580018
TX,1992,152.7947170988388
TX,1993,151.5604292811591
TX,1994,155.1915896789552
TX,1995,153.0763779336745
TX,1996,166.4522662805109
TX,1997,170.8907600114297
TX,1998,179.8990117077068
TX,1999,178.4328231592885
TX,2000,183.5604342388542
TX,2001,190.8074680409605
TX,2002,197.4400370006757
TX,2003,192.2753377250475
TX,2004,193.5796380033604
TX,2005,194.3582793682702
TX,2006,202.0114910212183
TX,2007,203.26679935217
TX,2008,194.8732065272388
TX,2009,186.6226186247533
TX,2010,183.9702194454791
TX,2011,183.8363861627714
TX,2012,183.5726244311535
TX,2013,197.7593310679657
TX,2014,199.3174318371335
TX,2015,203.1424470297031
TX,2016,208.4714285134184
TX,2017,210.8072238035595
TX,2018,218.2007294859102
TX,2019,225.2440869983113
TX,2020,190.7131613146811
TX,2021,212.9513786446959
TX,2022,219.7733770007747
UT,1990,10.60601366566756
UT,1991,11.0288073685295
UT,1992,11.2443715282668
UT,1993,11.6374412771661
UT,1994,11.8368750611694
UT,1995,12.87934888015527
UT,1996,13.5167715674178
UT,1997,14.10477752703507
UT,1998,14.34451316532373
UT,1999,14.82736773978973
UT,2000,15.7738718007013
UT,2001,15.06315734187733
UT,2002,15.63801595718633
UT,2003,16.02224294027756
UT,2004,16.57251217344213
UT,2005,16.67854467575083
UT,2006,18.46213267090867
UT,2007,18.32363904695463
UT,2008,16.75113317613377
UT,2009,16.1003965878811
UT,2010,15.6440068162147
UT,2011,16.61217534517676
UT,2012,16.0051319511314
UT,2013,16.16727276827996
UT,2014,16.32450013506473
UT,2015,16.73677724649003
UT,2016,17.0476059852065
UT,2017,17.39522546268796
UT,2018,18.57760072063573
UT,2019,18.2889705574147
UT,2020,16.93705408838557
UT,2021,18.19425119093084
UT,2022,19.10862372620373
VT,1990,3.001039364471866
VT,1991,3.034092493198067
VT,1992,3.221860416944766
VT,1993,3.3870671608444
VT,1994,3.414728342883367
VT,1995,3.552971957011033
VT,1996,3.694010513762067
VT,1997,3.623748689490233
VT,1998,3.5784514991533
VT,1999,3.743649895434167
VT,2000,3.713002528808465
VT,2001,3.703622168545566
VT,2002,3.6459386526442
VT,2003,3.745137707377732
VT,2004,3.8196848912134
VT,2005,3.841608289695
VT,2006,3.875029548780866
VT,2007,3.813260210826
VT,2008,3.484055609300933
VT,2009,3.543507225795166
VT,2010,3.420555249582166
VT,2011,3.320567278019932
VT,2012,3.2322267114027
VT,2013,3.262863116759033
VT,2014,3.238254108548067
VT,2015,3.269228597036967
VT,2016,3.282267179059367
VT,2017,3.197860707776533
VT,2018,2.987347398801333
VT,2019,3.100096285231366
VT,2020,2.615712241662667
VT,2021,2.847389605340133
VT,2022,2.825150926819466
VA,1990,41.4886725587169
VA,1991,40.55066662750804
VA,1992,40.33401723177493
VA,1993,40.98336241370176
VA,1994,41.65716160108799
VA,1995,42.4082797255535
VA,1996,42.85865711966117
VA,1997,44.25690306766557
VA,1998,44.96330335774127
VA,1999,45.7921306063562
VA,2000,48.80879138330286
VA,2001,48.60928376188537
VA,2002,48.77966161718761
VA,2003,51.06204167683336
VA,2004,54.74650040946312
VA,2005,55.48550082155923
VA,2006,56.77606284137516
VA,2007,56.60629639205383
VA,2008,51.7140349219593
VA,2009,49.746920239313
VA,2010,52.16797843570206
VA,2011,50.02528236444785
VA,2012,50.39283085187523
VA,2013,50.18074622164779
VA,2014,51.91237778919464
VA,2015,51.52924840265693
VA,2016,53.08211189020337
VA,2017,53.64715804147113
VA,2018,54.75419479322063
VA,2019,55.6088963300574
VA,2020,46.6518644106977
VA,2021,49.896501301647
VA,2022,49.6560879172215
WA,1990,40.90346438959696
WA,1991,41.5888615710392
WA,1992,46.35360598492543
WA,1993,42.05872656376123
WA,1994,43.0932282016731
WA,1995,45.1642802740316
WA,1996,44.58998548525767
WA,1997,45.6723862605901
WA,1998,42.99026755783063
WA,1999,43.80119921657187
WA,2000,44.9171091764571
WA,2001,42.7640311838355
WA,2002,41.457585735214
WA,2003,41.86910922220803
WA,2004,43.25970892596796
WA,2005,43.41446034434447
WA,2006,44.71585379239512
WA,2007,47.4519704095239
WA,2008,42.2277274599202
WA,2009,41.38910014294184
WA,2010,38.51150656034403
WA,2011,39.48587045481356
WA,2012,39.6054265478817
WA,2013,40.24668540758323
WA,2014,39.22514992600783
WA,2015,41.68966797780803
WA,2016,46.7178916653152
WA,2017,44.93747557549983
WA,2018,44.8334704231535
WA,2019,46.30745452282547
WA,2020,34.37879074972724
WA,2021,41.32927726318417
WA,2022,42.5432737258342
WV,1990,10.32781435703233
WV,1991,10.19916111445843
WV,1992,11.09492795505343
WV,1993,11.4289339794058
WV,1994,12.0401795818953
WV,1995,12.17723204007237
WV,1996,10.96339161609047
WV,1997,11.974662083604
WV,1998,12.56668476143337
WV,1999,12.23899935956207
WV,2000,12.7264265262684
WV,2001,12.47870595612153
WV,2002,12.3128943309669
WV,2003,11.8548815776721
WV,2004,12.42310496895417
WV,2005,12.5337886389892
WV,2006,12.48157779507136
WV,2007,12.32312991526467
WV,2008,10.818114569152
WV,2009,11.0982427256239
WV,2010,11.4149638000211
WV,2011,10.96757115375753
WV,2012,11.36843053717397
WV,2013,10.9657636294778
WV,2014,11.00342211214987
WV,2015,11.27870140944653
WV,2016,12.0082763941965
WV,2017,11.31751246975433
WV,2018,12.7636416313626
WV,2019,12.15919224709346
WV,2020,11.05462596704033
WV,2021,12.80342634058107
WV,2022,12.54476362452903
WI,1990,24.24617397280356
WI,1991,24.15193454383674
WI,1992,24.67286842835906
WI,1993,25.30372220023157
WI,1994,26.7863703456756
WI,1995,27.35194154093756
WI,1996,27.7904625578415
WI,1997,27.92174183760683
WI,1998,29.49615876258297
WI,1999,30.22212935920383
WI,2000,29.87107213894099
WI,2001,29.59285428126756
WI,2002,29.6785500543576
WI,2003,29.64807671376209
WI,2004,30.7301014259767
WI,2005,30.13344195482647
WI,2006,30.65517612348253
WI,2007,30.68542540099336
WI,2008,29.47039640824804
WI,2009,28.75205574919296
WI,2010,29.46135900073886
WI,2011,28.45458561553189
WI,2012,28.37531776357557
WI,2013,27.91602561937787
WI,2014,29.91685012389737
WI,2015,29.5109245469027
WI,2016,29.21553544485217
WI,2017,28.84012585306197
WI,2018,30.64528034096393
WI,2019,30.32254538296243
WI,2020,27.09305866590839
WI,2021,29.15505727934983
WI,2022,29.50430999671944
WY,1990,5.752473766615767
WY,1991,5.2951885334161
WY,1992,5.581920530285
WY,1993,5.927144311785766
WY,1994,5.820554207036801
WY,1995,6.743037157366766
WY,1996,6.749113910462733
WY,1997,6.861155218007567
WY,1998,7.060969753298266
WY,1999,8.060078439763533
WY,2000,7.639322210993733
WY,2001,7.777678230078899
WY,2002,7.721207285276833
WY,2003,8.5747657916019
WY,2004,8.147165648287233
WY,2005,8.349828218960432
WY,2006,8.613288178505632
WY,2007,8.810982113866533
WY,2008,8.567032468715967
WY,2009,8.1725110416004
WY,2010,8.240559578303433
WY,2011,7.558391825346265
WY,2012,7.950225223684332
WY,2013,7.5835295368525
WY,2014,7.901456508795667
WY,2015,7.446980689566365
WY,2016,7.469528889465134
WY,2017,7.466925929168933
WY,2018,7.713964665980465
WY,2019,7.777544846039833
WY,2020,7.132599028486433
WY,2021,7.337780837773833
WY,2022,7.076144047227932
