date,GDP per Capita,City,Year,Month
2000-01-01,22712.199413489736,Charlottetown,2000,1
2000-02-01,22801.704387017588,Charlottetown,2000,2
2000-03-01,22891.20936054544,Charlottetown,2000,3
2000-04-01,22980.71433407329,Charlottetown,2000,4
2000-05-01,23070.219307601143,Charlottetown,2000,5
2000-06-01,23159.724281128994,Charlottetown,2000,6
2000-07-01,23249.22925465685,Charlottetown,2000,7
2000-08-01,23338.7342281847,Charlottetown,2000,8
2000-09-01,23428.239201712553,Charlottetown,2000,9
2000-10-01,23517.744175240405,Charlottetown,2000,10
2000-11-01,23607.249148768256,Charlottetown,2000,11
2000-12-01,23696.754122296108,Charlottetown,2000,12
2001-01-01,23786.25909582396,Charlottetown,2001,1
2001-02-01,23879.222936582446,Charlottetown,2001,2
2001-03-01,23972.186777340936,Charlottetown,2001,3
2001-04-01,24065.150618099422,Charlottetown,2001,4
2001-05-01,24158.11445885791,Charlottetown,2001,5
2001-06-01,24251.078299616398,Charlottetown,2001,6
2001-07-01,24344.042140374884,Charlottetown,2001,7
2001-08-01,24437.005981133374,Charlottetown,2001,8
2001-09-01,24529.96982189186,Charlottetown,2001,9
2001-10-01,24622.93366265035,Charlottetown,2001,10
2001-11-01,24715.897503408836,Charlottetown,2001,11
2001-12-01,24808.861344167326,Charlottetown,2001,12
2002-01-01,24901.825184925812,Charlottetown,2002,1
2002-02-01,24932.588825103627,Charlottetown,2002,2
2002-03-01,24963.35246528144,Charlottetown,2002,3
2002-04-01,24994.11610545926,Charlottetown,2002,4
2002-05-01,25024.879745637074,Charlottetown,2002,5
2002-06-01,25055.64338581489,Charlottetown,2002,6
2002-07-01,25086.407025992703,Charlottetown,2002,7
2002-08-01,25117.170666170518,Charlottetown,2002,8
2002-09-01,25147.934306348332,Charlottetown,2002,9
2002-10-01,25178.697946526147,Charlottetown,2002,10
2002-11-01,25209.461586703965,Charlottetown,2002,11
2002-12-01,25240.22522688178,Charlottetown,2002,12
2003-01-01,25270.988867059594,Charlottetown,2003,1
2003-02-01,25328.867546317008,Charlottetown,2003,2
2003-03-01,25386.746225574418,Charlottetown,2003,3
2003-04-01,25444.62490483183,Charlottetown,2003,4
2003-05-01,25502.50358408924,Charlottetown,2003,5
2003-06-01,25560.382263346655,Charlottetown,2003,6
2003-07-01,25618.260942604065,Charlottetown,2003,7
2003-08-01,25676.13962186148,Charlottetown,2003,8
2003-09-01,25734.018301118893,Charlottetown,2003,9
2003-10-01,25791.896980376303,Charlottetown,2003,10
2003-11-01,25849.775659633717,Charlottetown,2003,11
2003-12-01,25907.654338891127,Charlottetown,2003,12
2004-01-01,25965.53301814854,Charlottetown,2004,1
2004-02-01,26027.376210098864,Charlottetown,2004,2
2004-03-01,26089.219402049188,Charlottetown,2004,3
2004-04-01,26151.062593999508,Charlottetown,2004,4
2004-05-01,26212.90578594983,Charlottetown,2004,5
2004-06-01,26274.748977900155,Charlottetown,2004,6
2004-07-01,26336.592169850475,Charlottetown,2004,7
2004-08-01,26398.4353618008,Charlottetown,2004,8
2004-09-01,26460.278553751123,Charlottetown,2004,9
2004-10-01,26522.121745701446,Charlottetown,2004,10
2004-11-01,26583.96493765177,Charlottetown,2004,11
2004-12-01,26645.80812960209,Charlottetown,2004,12
2005-01-01,26707.651321552414,Charlottetown,2005,1
2005-02-01,26765.440592160983,Charlottetown,2005,2
2005-03-01,26823.229862769553,Charlottetown,2005,3
2005-04-01,26881.01913337812,Charlottetown,2005,4
2005-05-01,26938.808403986688,Charlottetown,2005,5
2005-06-01,26996.597674595258,Charlottetown,2005,6
2005-07-01,27054.386945203827,Charlottetown,2005,7
2005-08-01,27112.176215812397,Charlottetown,2005,8
2005-09-01,27169.965486420966,Charlottetown,2005,9
2005-10-01,27227.754757029536,Charlottetown,2005,10
2005-11-01,27285.5440276381,Charlottetown,2005,11
2005-12-01,27343.33329824667,Charlottetown,2005,12
2006-01-01,27401.12256885524,Charlottetown,2006,1
2006-02-01,27388.36660537567,Charlottetown,2006,2
2006-03-01,27375.610641896103,Charlottetown,2006,3
2006-04-01,27362.854678416534,Charlottetown,2006,4
2006-05-01,27350.098714936965,Charlottetown,2006,5
2006-06-01,27337.342751457396,Charlottetown,2006,6
2006-07-01,27324.58678797783,Charlottetown,2006,7
2006-08-01,27311.83082449826,Charlottetown,2006,8
2006-09-01,27299.074861018693,Charlottetown,2006,9
2006-10-01,27286.318897539124,Charlottetown,2006,10
2006-11-01,27273.562934059555,Charlottetown,2006,11
2006-12-01,27260.806970579986,Charlottetown,2006,12
2007-01-01,27248.051007100417,Charlottetown,2007,1
2007-02-01,27250.39942321363,Charlottetown,2007,2
2007-03-01,27252.74783932684,Charlottetown,2007,3
2007-04-01,27255.09625544005,Charlottetown,2007,4
2007-05-01,27257.44467155326,Charlottetown,2007,5
2007-06-01,27259.793087666472,Charlottetown,2007,6
2007-07-01,27262.141503779683,Charlottetown,2007,7
2007-08-01,27264.489919892898,Charlottetown,2007,8
2007-09-01,27266.83833600611,Charlottetown,2007,9
2007-10-01,27269.18675211932,Charlottetown,2007,10
2007-11-01,27271.53516823253,Charlottetown,2007,11
2007-12-01,27273.883584345742,Charlottetown,2007,12
2008-01-01,27276.232000458953,Charlottetown,2008,1
2008-02-01,27261.897124682186,Charlottetown,2008,2
2008-03-01,27247.562248905415,Charlottetown,2008,3
2008-04-01,27233.227373128648,Charlottetown,2008,4
2008-05-01,27218.892497351877,Charlottetown,2008,5
2008-06-01,27204.55762157511,Charlottetown,2008,6
2008-07-01,27190.22274579834,Charlottetown,2008,7
2008-08-01,27175.887870021572,Charlottetown,2008,8
2008-09-01,27161.552994244805,Charlottetown,2008,9
2008-10-01,27147.218118468034,Charlottetown,2008,10
2008-11-01,27132.883242691267,Charlottetown,2008,11
2008-12-01,27118.548366914496,Charlottetown,2008,12
2009-01-01,27104.21349113773,Charlottetown,2009,1
2009-02-01,27117.81489796751,Charlottetown,2009,2
2009-03-01,27131.41630479729,Charlottetown,2009,3
2009-04-01,27145.017711627075,Charlottetown,2009,4
2009-05-01,27158.619118456856,Charlottetown,2009,5
2009-06-01,27172.220525286637,Charlottetown,2009,6
2009-07-01,27185.82193211642,Charlottetown,2009,7
2009-08-01,27199.423338946202,Charlottetown,2009,8
2009-09-01,27213.024745775983,Charlottetown,2009,9
2009-10-01,27226.626152605764,Charlottetown,2009,10
2009-11-01,27240.227559435545,Charlottetown,2009,11
2009-12-01,27253.82896626533,Charlottetown,2009,12
2010-01-01,27267.43037309511,Charlottetown,2010,1
2010-02-01,27286.225231971253,Charlottetown,2010,2
2010-03-01,27305.020090847396,Charlottetown,2010,3
2010-04-01,27323.81494972354,Charlottetown,2010,4
2010-05-01,27342.609808599682,Charlottetown,2010,5
2010-06-01,27361.404667475825,Charlottetown,2010,6
2010-07-01,27380.199526351968,Charlottetown,2010,7
2010-08-01,27398.99438522811,Charlottetown,2010,8
2010-09-01,27417.789244104253,Charlottetown,2010,9
2010-10-01,27436.584102980396,Charlottetown,2010,10
2010-11-01,27455.37896185654,Charlottetown,2010,11
2010-12-01,27474.17382073268,Charlottetown,2010,12
2000-01-01,48258.984993770195,Edmonton,2000,1
2000-02-01,48249.90861131031,Edmonton,2000,2
2000-03-01,48240.83222885043,Edmonton,2000,3
2000-04-01,48231.755846390544,Edmonton,2000,4
2000-05-01,48222.67946393066,Edmonton,2000,5
2000-06-01,48213.60308147078,Edmonton,2000,6
2000-07-01,48204.526699010894,Edmonton,2000,7
2000-08-01,48195.450316551,Edmonton,2000,8
2000-09-01,48186.37393409112,Edmonton,2000,9
2000-10-01,48177.297551631236,Edmonton,2000,10
2000-11-01,48168.22116917135,Edmonton,2000,11
2000-12-01,48159.14478671147,Edmonton,2000,12
2001-01-01,48150.068404251586,Edmonton,2001,1
2001-02-01,48162.13899044195,Edmonton,2001,2
2001-03-01,48174.209576632304,Edmonton,2001,3
2001-04-01,48186.280162822666,Edmonton,2001,4
2001-05-01,48198.35074901303,Edmonton,2001,5
2001-06-01,48210.421335203384,Edmonton,2001,6
2001-07-01,48222.49192139375,Edmonton,2001,7
2001-08-01,48234.56250758411,Edmonton,2001,8
2001-09-01,48246.633093774464,Edmonton,2001,9
2001-10-01,48258.70367996483,Edmonton,2001,10
2001-11-01,48270.77426615519,Edmonton,2001,11
2001-12-01,48282.844852345544,Edmonton,2001,12
2002-01-01,48294.91543853591,Edmonton,2002,1
2002-02-01,48373.32161729286,Edmonton,2002,2
2002-03-01,48451.72779604981,Edmonton,2002,3
2002-04-01,48530.133974806755,Edmonton,2002,4
2002-05-01,48608.54015356371,Edmonton,2002,5
2002-06-01,48686.94633232066,Edmonton,2002,6
2002-07-01,48765.35251107761,Edmonton,2002,7
2002-08-01,48843.75868983456,Edmonton,2002,8
2002-09-01,48922.16486859151,Edmonton,2002,9
2002-10-01,49000.571047348465,Edmonton,2002,10
2002-11-01,49078.97722610541,Edmonton,2002,11
2002-12-01,49157.38340486236,Edmonton,2002,12
2003-01-01,49235.78958361931,Edmonton,2003,1
2003-02-01,49388.90814628053,Edmonton,2003,2
2003-03-01,49542.02670894176,Edmonton,2003,3
2003-04-01,49695.14527160299,Edmonton,2003,4
2003-05-01,49848.26383426421,Edmonton,2003,5
2003-06-01,50001.38239692543,Edmonton,2003,6
2003-07-01,50154.50095958666,Edmonton,2003,7
2003-08-01,50307.619522247885,Edmonton,2003,8
2003-09-01,50460.738084909106,Edmonton,2003,9
2003-10-01,50613.85664757033,Edmonton,2003,10
2003-11-01,50766.975210231554,Edmonton,2003,11
2003-12-01,50920.09377289278,Edmonton,2003,12
2004-01-01,51073.212335554,Edmonton,2004,1
2004-02-01,51154.812193392005,Edmonton,2004,2
2004-03-01,51236.41205123,Edmonton,2004,3
2004-04-01,51318.011909068,Edmonton,2004,4
2004-05-01,51399.611766906004,Edmonton,2004,5
2004-06-01,51481.211624744,Edmonton,2004,6
2004-07-01,51562.811482582,Edmonton,2004,7
2004-08-01,51644.41134042,Edmonton,2004,8
2004-09-01,51726.011198258,Edmonton,2004,9
2004-10-01,51807.611056096,Edmonton,2004,10
2004-11-01,51889.210913934,Edmonton,2004,11
2004-12-01,51970.810771772,Edmonton,2004,12
2005-01-01,52052.41062961,Edmonton,2005,1
2005-02-01,52192.2054769491,Edmonton,2005,2
2005-03-01,52332.000324288194,Edmonton,2005,3
2005-04-01,52471.795171627295,Edmonton,2005,4
2005-05-01,52611.59001896639,Edmonton,2005,5
2005-06-01,52751.38486630549,Edmonton,2005,6
2005-07-01,52891.17971364458,Edmonton,2005,7
2005-08-01,53030.97456098368,Edmonton,2005,8
2005-09-01,53170.76940832278,Edmonton,2005,9
2005-10-01,53310.56425566188,Edmonton,2005,10
2005-11-01,53450.35910300098,Edmonton,2005,11
2005-12-01,53590.15395034007,Edmonton,2005,12
2006-01-01,53729.94879767917,Edmonton,2006,1
2006-02-01,53714.27950208661,Edmonton,2006,2
2006-03-01,53698.61020649405,Edmonton,2006,3
2006-04-01,53682.94091090148,Edmonton,2006,4
2006-05-01,53667.27161530892,Edmonton,2006,5
2006-06-01,53651.60231971636,Edmonton,2006,6
2006-07-01,53635.9330241238,Edmonton,2006,7
2006-08-01,53620.26372853124,Edmonton,2006,8
2006-09-01,53604.59443293868,Edmonton,2006,9
2006-10-01,53588.925137346116,Edmonton,2006,10
2006-11-01,53573.25584175355,Edmonton,2006,11
2006-12-01,53557.58654616099,Edmonton,2006,12
2007-01-01,53541.917250568426,Edmonton,2007,1
2007-02-01,53492.88670086626,Edmonton,2007,2
2007-03-01,53443.85615116409,Edmonton,2007,3
2007-04-01,53394.82560146192,Edmonton,2007,4
2007-05-01,53345.79505175975,Edmonton,2007,5
2007-06-01,53296.76450205758,Edmonton,2007,6
2007-07-01,53247.73395235541,Edmonton,2007,7
2007-08-01,53198.703402653235,Edmonton,2007,8
2007-09-01,53149.672852951066,Edmonton,2007,9
2007-10-01,53100.6423032489,Edmonton,2007,10
2007-11-01,53051.61175354673,Edmonton,2007,11
2007-12-01,53002.58120384456,Edmonton,2007,12
2008-01-01,52953.55065414239,Edmonton,2008,1
2008-02-01,52633.51342973656,Edmonton,2008,2
2008-03-01,52313.47620533073,Edmonton,2008,3
2008-04-01,51993.4389809249,Edmonton,2008,4
2008-05-01,51673.401756519066,Edmonton,2008,5
2008-06-01,51353.364532113235,Edmonton,2008,6
2008-07-01,51033.3273077074,Edmonton,2008,7
2008-08-01,50713.29008330157,Edmonton,2008,8
2008-09-01,50393.252858895736,Edmonton,2008,9
2008-10-01,50073.215634489905,Edmonton,2008,10
2008-11-01,49753.178410084074,Edmonton,2008,11
2008-12-01,49433.14118567824,Edmonton,2008,12
2009-01-01,49113.10396127241,Edmonton,2009,1
2009-02-01,49261.597314319864,Edmonton,2009,2
2009-03-01,49410.09066736732,Edmonton,2009,3
2009-04-01,49558.58402041478,Edmonton,2009,4
2009-05-01,49707.077373462234,Edmonton,2009,5
2009-06-01,49855.570726509686,Edmonton,2009,6
2009-07-01,50004.064079557145,Edmonton,2009,7
2009-08-01,50152.557432604604,Edmonton,2009,8
2009-09-01,50301.050785652056,Edmonton,2009,9
2009-10-01,50449.54413869951,Edmonton,2009,10
2009-11-01,50598.03749174697,Edmonton,2009,11
2009-12-01,50746.530844794426,Edmonton,2009,12
2010-01-01,50895.02419784188,Edmonton,2010,1
2010-02-01,51112.034326792025,Edmonton,2010,2
2010-03-01,51329.04445574217,Edmonton,2010,3
2010-04-01,51546.05458469232,Edmonton,2010,4
2010-05-01,51763.06471364247,Edmonton,2010,5
2010-06-01,51980.074842592614,Edmonton,2010,6
2010-07-01,52197.08497154276,Edmonton,2010,7
2010-08-01,52414.09510049291,Edmonton,2010,8
2010-09-01,52631.105229443056,Edmonton,2010,9
2010-10-01,52848.1153583932,Edmonton,2010,10
2010-11-01,53065.12548734335,Edmonton,2010,11
2010-12-01,53282.1356162935,Edmonton,2010,12
2000-01-01,25807.6486300603,Fredericton,2000,1
2000-02-01,25843.62591555431,Fredericton,2000,2
2000-03-01,25879.603201048318,Fredericton,2000,3
2000-04-01,25915.580486542327,Fredericton,2000,4
2000-05-01,25951.557772036333,Fredericton,2000,5
2000-06-01,25987.535057530342,Fredericton,2000,6
2000-07-01,26023.51234302435,Fredericton,2000,7
2000-08-01,26059.48962851836,Fredericton,2000,8
2000-09-01,26095.46691401237,Fredericton,2000,9
2000-10-01,26131.444199506375,Fredericton,2000,10
2000-11-01,26167.421485000385,Fredericton,2000,11
2000-12-01,26203.398770494394,Fredericton,2000,12
2001-01-01,26239.376055988403,Fredericton,2001,1
2001-02-01,26342.9046428731,Fredericton,2001,2
2001-03-01,26446.4332297578,Fredericton,2001,3
2001-04-01,26549.9618166425,Fredericton,2001,4
2001-05-01,26653.490403527194,Fredericton,2001,5
2001-06-01,26757.018990411892,Fredericton,2001,6
2001-07-01,26860.54757729659,Fredericton,2001,7
2001-08-01,26964.07616418129,Fredericton,2001,8
2001-09-01,27067.60475106599,Fredericton,2001,9
2001-10-01,27171.133337950683,Fredericton,2001,10
2001-11-01,27274.66192483538,Fredericton,2001,11
2001-12-01,27378.19051172008,Fredericton,2001,12
2002-01-01,27481.71909860478,Fredericton,2002,1
2002-02-01,27532.00710687443,Fredericton,2002,2
2002-03-01,27582.295115144083,Fredericton,2002,3
2002-04-01,27632.583123413733,Fredericton,2002,4
2002-05-01,27682.871131683387,Fredericton,2002,5
2002-06-01,27733.159139953037,Fredericton,2002,6
2002-07-01,27783.447148222687,Fredericton,2002,7
2002-08-01,27833.73515649234,Fredericton,2002,8
2002-09-01,27884.02316476199,Fredericton,2002,9
2002-10-01,27934.311173031645,Fredericton,2002,10
2002-11-01,27984.599181301295,Fredericton,2002,11
2002-12-01,28034.88718957095,Fredericton,2002,12
2003-01-01,28085.1751978406,Fredericton,2003,1
2003-02-01,28151.83423110737,Fredericton,2003,2
2003-03-01,28218.493264374138,Fredericton,2003,3
2003-04-01,28285.15229764091,Fredericton,2003,4
2003-05-01,28351.81133090768,Fredericton,2003,5
2003-06-01,28418.47036417445,Fredericton,2003,6
2003-07-01,28485.12939744122,Fredericton,2003,7
2003-08-01,28551.788430707988,Fredericton,2003,8
2003-09-01,28618.447463974757,Fredericton,2003,9
2003-10-01,28685.106497241526,Fredericton,2003,10
2003-11-01,28751.7655305083,Fredericton,2003,11
2003-12-01,28818.42456377507,Fredericton,2003,12
2004-01-01,28885.083597041837,Fredericton,2004,1
2004-02-01,28913.618984419372,Fredericton,2004,2
2004-03-01,28942.15437179691,Fredericton,2004,3
2004-04-01,28970.689759174445,Fredericton,2004,4
2004-05-01,28999.22514655198,Fredericton,2004,5
2004-06-01,29027.760533929515,Fredericton,2004,6
2004-07-01,29056.29592130705,Fredericton,2004,7
2004-08-01,29084.83130868459,Fredericton,2004,8
2004-09-01,29113.366696062123,Fredericton,2004,9
2004-10-01,29141.902083439658,Fredericton,2004,10
2004-11-01,29170.437470817196,Fredericton,2004,11
2004-12-01,29198.97285819473,Fredericton,2004,12
2005-01-01,29227.508245572266,Fredericton,2005,1
2005-02-01,29280.096225245274,Fredericton,2005,2
2005-03-01,29332.684204918285,Fredericton,2005,3
2005-04-01,29385.272184591293,Fredericton,2005,4
2005-05-01,29437.860164264304,Fredericton,2005,5
2005-06-01,29490.448143937312,Fredericton,2005,6
2005-07-01,29543.03612361032,Fredericton,2005,7
2005-08-01,29595.62410328333,Fredericton,2005,8
2005-09-01,29648.21208295634,Fredericton,2005,9
2005-10-01,29700.80006262935,Fredericton,2005,10
2005-11-01,29753.38804230236,Fredericton,2005,11
2005-12-01,29805.97602197537,Fredericton,2005,12
2006-01-01,29858.564001648378,Fredericton,2006,1
2006-02-01,29869.795476212676,Fredericton,2006,2
2006-03-01,29881.026950776974,Fredericton,2006,3
2006-04-01,29892.25842534127,Fredericton,2006,4
2006-05-01,29903.48989990557,Fredericton,2006,5
2006-06-01,29914.721374469867,Fredericton,2006,6
2006-07-01,29925.952849034165,Fredericton,2006,7
2006-08-01,29937.184323598463,Fredericton,2006,8
2006-09-01,29948.41579816276,Fredericton,2006,9
2006-10-01,29959.64727272706,Fredericton,2006,10
2006-11-01,29970.878747291357,Fredericton,2006,11
2006-12-01,29982.110221855655,Fredericton,2006,12
2007-01-01,29993.341696419953,Fredericton,2007,1
2007-02-01,30009.666841785325,Fredericton,2007,2
2007-03-01,30025.991987150697,Fredericton,2007,3
2007-04-01,30042.31713251607,Fredericton,2007,4
2007-05-01,30058.64227788144,Fredericton,2007,5
2007-06-01,30074.967423246813,Fredericton,2007,6
2007-07-01,30091.29256861219,Fredericton,2007,7
2007-08-01,30107.61771397756,Fredericton,2007,8
2007-09-01,30123.942859342933,Fredericton,2007,9
2007-10-01,30140.268004708305,Fredericton,2007,10
2007-11-01,30156.593150073677,Fredericton,2007,11
2007-12-01,30172.91829543905,Fredericton,2007,12
2008-01-01,30189.24344080442,Fredericton,2008,1
2008-02-01,30142.771458081286,Fredericton,2008,2
2008-03-01,30096.29947535815,Fredericton,2008,3
2008-04-01,30049.827492635013,Fredericton,2008,4
2008-05-01,30003.35550991188,Fredericton,2008,5
2008-06-01,29956.883527188744,Fredericton,2008,6
2008-07-01,29910.411544465605,Fredericton,2008,7
2008-08-01,29863.93956174247,Fredericton,2008,8
2008-09-01,29817.467579019336,Fredericton,2008,9
2008-10-01,29770.9955962962,Fredericton,2008,10
2008-11-01,29724.523613573067,Fredericton,2008,11
2008-12-01,29678.05163084993,Fredericton,2008,12
2009-01-01,29631.579648126793,Fredericton,2009,1
2009-02-01,29672.453201777833,Fredericton,2009,2
2009-03-01,29713.326755428872,Fredericton,2009,3
2009-04-01,29754.20030907991,Fredericton,2009,4
2009-05-01,29795.073862730955,Fredericton,2009,5
2009-06-01,29835.947416381994,Fredericton,2009,6
2009-07-01,29876.820970033034,Fredericton,2009,7
2009-08-01,29917.694523684073,Fredericton,2009,8
2009-09-01,29958.568077335112,Fredericton,2009,9
2009-10-01,29999.441630986155,Fredericton,2009,10
2009-11-01,30040.315184637195,Fredericton,2009,11
2009-12-01,30081.188738288234,Fredericton,2009,12
2010-01-01,30122.062291939274,Fredericton,2010,1
2010-02-01,30121.134840753843,Fredericton,2010,2
2010-03-01,30120.207389568415,Fredericton,2010,3
2010-04-01,30119.279938382984,Fredericton,2010,4
2010-05-01,30118.352487197553,Fredericton,2010,5
2010-06-01,30117.425036012122,Fredericton,2010,6
2010-07-01,30116.49758482669,Fredericton,2010,7
2010-08-01,30115.570133641264,Fredericton,2010,8
2010-09-01,30114.642682455833,Fredericton,2010,9
2010-10-01,30113.715231270402,Fredericton,2010,10
2010-11-01,30112.787780084975,Fredericton,2010,11
2010-12-01,30111.860328899544,Fredericton,2010,12
2000-01-01,24744.893034365337,Halifax,2000,1
2000-02-01,24803.664885880775,Halifax,2000,2
2000-03-01,24862.43673739621,Halifax,2000,3
2000-04-01,24921.208588911646,Halifax,2000,4
2000-05-01,24979.980440427084,Halifax,2000,5
2000-06-01,25038.75229194252,Halifax,2000,6
2000-07-01,25097.52414345796,Halifax,2000,7
2000-08-01,25156.295994973392,Halifax,2000,8
2000-09-01,25215.06784648883,Halifax,2000,9
2000-10-01,25273.839698004267,Halifax,2000,10
2000-11-01,25332.6115495197,Halifax,2000,11
2000-12-01,25391.38340103514,Halifax,2000,12
2001-01-01,25450.155252550576,Halifax,2001,1
2001-02-01,25529.8861435385,Halifax,2001,2
2001-03-01,25609.617034526425,Halifax,2001,3
2001-04-01,25689.347925514354,Halifax,2001,4
2001-05-01,25769.07881650228,Halifax,2001,5
2001-06-01,25848.809707490203,Halifax,2001,6
2001-07-01,25928.540598478132,Halifax,2001,7
2001-08-01,26008.271489466057,Halifax,2001,8
2001-09-01,26088.00238045398,Halifax,2001,9
2001-10-01,26167.733271441906,Halifax,2001,10
2001-11-01,26247.46416242983,Halifax,2001,11
2001-12-01,26327.19505341776,Halifax,2001,12
2002-01-01,26406.925944405684,Halifax,2002,1
2002-02-01,26428.852468147765,Halifax,2002,2
2002-03-01,26450.778991889845,Halifax,2002,3
2002-04-01,26472.705515631926,Halifax,2002,4
2002-05-01,26494.632039374006,Halifax,2002,5
2002-06-01,26516.558563116087,Halifax,2002,6
2002-07-01,26538.485086858167,Halifax,2002,7
2002-08-01,26560.411610600248,Halifax,2002,8
2002-09-01,26582.338134342328,Halifax,2002,9
2002-10-01,26604.26465808441,Halifax,2002,10
2002-11-01,26626.19118182649,Halifax,2002,11
2002-12-01,26648.11770556857,Halifax,2002,12
2003-01-01,26670.04422931065,Halifax,2003,1
2003-02-01,26691.101518365987,Halifax,2003,2
2003-03-01,26712.15880742132,Halifax,2003,3
2003-04-01,26733.21609647666,Halifax,2003,4
2003-05-01,26754.273385531997,Halifax,2003,5
2003-06-01,26775.330674587334,Halifax,2003,6
2003-07-01,26796.387963642672,Halifax,2003,7
2003-08-01,26817.445252698006,Halifax,2003,8
2003-09-01,26838.502541753343,Halifax,2003,9
2003-10-01,26859.55983080868,Halifax,2003,10
2003-11-01,26880.617119864015,Halifax,2003,11
2003-12-01,26901.674408919353,Halifax,2003,12
2004-01-01,26922.73169797469,Halifax,2004,1
2004-02-01,26953.259276599907,Halifax,2004,2
2004-03-01,26983.78685522512,Halifax,2004,3
2004-04-01,27014.314433850337,Halifax,2004,4
2004-05-01,27044.84201247555,Halifax,2004,5
2004-06-01,27075.369591100767,Halifax,2004,6
2004-07-01,27105.897169725984,Halifax,2004,7
2004-08-01,27136.424748351197,Halifax,2004,8
2004-09-01,27166.952326976414,Halifax,2004,9
2004-10-01,27197.479905601627,Halifax,2004,10
2004-11-01,27228.007484226844,Halifax,2004,11
2004-12-01,27258.535062852057,Halifax,2004,12
2005-01-01,27289.062641477274,Halifax,2005,1
2005-02-01,27304.221308049433,Halifax,2005,2
2005-03-01,27319.379974621595,Halifax,2005,3
2005-04-01,27334.538641193758,Halifax,2005,4
2005-05-01,27349.697307765917,Halifax,2005,5
2005-06-01,27364.855974338076,Halifax,2005,6
2005-07-01,27380.014640910238,Halifax,2005,7
2005-08-01,27395.1733074824,Halifax,2005,8
2005-09-01,27410.33197405456,Halifax,2005,9
2005-10-01,27425.49064062672,Halifax,2005,10
2005-11-01,27440.64930719888,Halifax,2005,11
2005-12-01,27455.807973771043,Halifax,2005,12
2006-01-01,27470.966640343202,Halifax,2006,1
2006-02-01,27496.86545429031,Halifax,2006,2
2006-03-01,27522.76426823742,Halifax,2006,3
2006-04-01,27548.66308218453,Halifax,2006,4
2006-05-01,27574.56189613164,Halifax,2006,5
2006-06-01,27600.460710078747,Halifax,2006,6
2006-07-01,27626.35952402586,Halifax,2006,7
2006-08-01,27652.258337972966,Halifax,2006,8
2006-09-01,27678.157151920073,Halifax,2006,9
2006-10-01,27704.055965867185,Halifax,2006,10
2006-11-01,27729.954779814292,Halifax,2006,11
2006-12-01,27755.853593761403,Halifax,2006,12
2007-01-01,27781.75240770851,Halifax,2007,1
2007-02-01,27816.68982195862,Halifax,2007,2
2007-03-01,27851.62723620873,Halifax,2007,3
2007-04-01,27886.564650458837,Halifax,2007,4
2007-05-01,27921.502064708944,Halifax,2007,5
2007-06-01,27956.439478959055,Halifax,2007,6
2007-07-01,27991.376893209163,Halifax,2007,7
2007-08-01,28026.31430745927,Halifax,2007,8
2007-09-01,28061.25172170938,Halifax,2007,9
2007-10-01,28096.18913595949,Halifax,2007,10
2007-11-01,28131.126550209596,Halifax,2007,11
2007-12-01,28166.063964459707,Halifax,2007,12
2008-01-01,28201.001378709814,Halifax,2008,1
2008-02-01,28193.561340034496,Halifax,2008,2
2008-03-01,28186.12130135918,Halifax,2008,3
2008-04-01,28178.681262683862,Halifax,2008,4
2008-05-01,28171.241224008547,Halifax,2008,5
2008-06-01,28163.80118533323,Halifax,2008,6
2008-07-01,28156.36114665791,Halifax,2008,7
2008-08-01,28148.921107982595,Halifax,2008,8
2008-09-01,28141.481069307276,Halifax,2008,9
2008-10-01,28134.04103063196,Halifax,2008,10
2008-11-01,28126.600991956642,Halifax,2008,11
2008-12-01,28119.160953281327,Halifax,2008,12
2009-01-01,28111.72091460601,Halifax,2009,1
2009-02-01,28163.597315985597,Halifax,2009,2
2009-03-01,28215.47371736518,Halifax,2009,3
2009-04-01,28267.35011874477,Halifax,2009,4
2009-05-01,28319.226520124357,Halifax,2009,5
2009-06-01,28371.102921503945,Halifax,2009,6
2009-07-01,28422.979322883533,Halifax,2009,7
2009-08-01,28474.855724263118,Halifax,2009,8
2009-09-01,28526.732125642706,Halifax,2009,9
2009-10-01,28578.608527022294,Halifax,2009,10
2009-11-01,28630.48492840188,Halifax,2009,11
2009-12-01,28682.361329781466,Halifax,2009,12
2010-01-01,28734.237731161054,Halifax,2010,1
2010-02-01,28740.575385204582,Halifax,2010,2
2010-03-01,28746.913039248106,Halifax,2010,3
2010-04-01,28753.250693291633,Halifax,2010,4
2010-05-01,28759.58834733516,Halifax,2010,5
2010-06-01,28765.926001378684,Halifax,2010,6
2010-07-01,28772.26365542221,Halifax,2010,7
2010-08-01,28778.60130946574,Halifax,2010,8
2010-09-01,28784.938963509263,Halifax,2010,9
2010-10-01,28791.27661755279,Halifax,2010,10
2010-11-01,28797.614271596318,Halifax,2010,11
2010-12-01,28803.95192563984,Halifax,2010,12
2000-01-01,28549.640564262267,Quebec City,2000,1
2000-02-01,28577.216552791127,Quebec City,2000,2
2000-03-01,28604.792541319985,Quebec City,2000,3
2000-04-01,28632.368529848845,Quebec City,2000,4
2000-05-01,28659.944518377702,Quebec City,2000,5
2000-06-01,28687.520506906563,Quebec City,2000,6
2000-07-01,28715.09649543542,Quebec City,2000,7
2000-08-01,28742.67248396428,Quebec City,2000,8
2000-09-01,28770.248472493142,Quebec City,2000,9
2000-10-01,28797.824461022,Quebec City,2000,10
2000-11-01,28825.40044955086,Quebec City,2000,11
2000-12-01,28852.976438079717,Quebec City,2000,12
2001-01-01,28880.552426608578,Quebec City,2001,1
2001-02-01,28936.581027914424,Quebec City,2001,2
2001-03-01,28992.60962922027,Quebec City,2001,3
2001-04-01,29048.638230526118,Quebec City,2001,4
2001-05-01,29104.666831831964,Quebec City,2001,5
2001-06-01,29160.69543313781,Quebec City,2001,6
2001-07-01,29216.724034443658,Quebec City,2001,7
2001-08-01,29272.752635749508,Quebec City,2001,8
2001-09-01,29328.781237055355,Quebec City,2001,9
2001-10-01,29384.8098383612,Quebec City,2001,10
2001-11-01,29440.838439667048,Quebec City,2001,11
2001-12-01,29496.867040972895,Quebec City,2001,12
2002-01-01,29552.89564227874,Quebec City,2002,1
2002-02-01,29565.19852823392,Quebec City,2002,2
2002-03-01,29577.501414189097,Quebec City,2002,3
2002-04-01,29589.804300144275,Quebec City,2002,4
2002-05-01,29602.107186099453,Quebec City,2002,5
2002-06-01,29614.41007205463,Quebec City,2002,6
2002-07-01,29626.712958009808,Quebec City,2002,7
2002-08-01,29639.015843964986,Quebec City,2002,8
2002-09-01,29651.318729920164,Quebec City,2002,9
2002-10-01,29663.62161587534,Quebec City,2002,10
2002-11-01,29675.92450183052,Quebec City,2002,11
2002-12-01,29688.227387785697,Quebec City,2002,12
2003-01-01,29700.530273740875,Quebec City,2003,1
2003-02-01,29746.298075612794,Quebec City,2003,2
2003-03-01,29792.06587748471,Quebec City,2003,3
2003-04-01,29837.833679356627,Quebec City,2003,4
2003-05-01,29883.601481228547,Quebec City,2003,5
2003-06-01,29929.369283100466,Quebec City,2003,6
2003-07-01,29975.137084972383,Quebec City,2003,7
2003-08-01,30020.9048868443,Quebec City,2003,8
2003-09-01,30066.67268871622,Quebec City,2003,9
2003-10-01,30112.44049058814,Quebec City,2003,10
2003-11-01,30158.208292460055,Quebec City,2003,11
2003-12-01,30203.97609433197,Quebec City,2003,12
2004-01-01,30249.74389620389,Quebec City,2004,1
2004-02-01,30274.121722300348,Quebec City,2004,2
2004-03-01,30298.499548396805,Quebec City,2004,3
2004-04-01,30322.877374493262,Quebec City,2004,4
2004-05-01,30347.25520058972,Quebec City,2004,5
2004-06-01,30371.633026686177,Quebec City,2004,6
2004-07-01,30396.010852782638,Quebec City,2004,7
2004-08-01,30420.388678879095,Quebec City,2004,8
2004-09-01,30444.766504975552,Quebec City,2004,9
2004-10-01,30469.14433107201,Quebec City,2004,10
2004-11-01,30493.522157168467,Quebec City,2004,11
2004-12-01,30517.899983264924,Quebec City,2004,12
2005-01-01,30542.27780936138,Quebec City,2005,1
2005-02-01,30554.889426433183,Quebec City,2005,2
2005-03-01,30567.50104350498,Quebec City,2005,3
2005-04-01,30580.112660576782,Quebec City,2005,4
2005-05-01,30592.72427764858,Quebec City,2005,5
2005-06-01,30605.33589472038,Quebec City,2005,6
2005-07-01,30617.947511792183,Quebec City,2005,7
2005-08-01,30630.55912886398,Quebec City,2005,8
2005-09-01,30643.170745935782,Quebec City,2005,9
2005-10-01,30655.78236300758,Quebec City,2005,10
2005-11-01,30668.39398007938,Quebec City,2005,11
2005-12-01,30681.00559715118,Quebec City,2005,12
2006-01-01,30693.61721422298,Quebec City,2006,1
2006-02-01,30738.336636440945,Quebec City,2006,2
2006-03-01,30783.056058658913,Quebec City,2006,3
2006-04-01,30827.775480876877,Quebec City,2006,4
2006-05-01,30872.49490309484,Quebec City,2006,5
2006-06-01,30917.21432531281,Quebec City,2006,6
2006-07-01,30961.933747530773,Quebec City,2006,7
2006-08-01,31006.653169748737,Quebec City,2006,8
2006-09-01,31051.372591966705,Quebec City,2006,9
2006-10-01,31096.09201418467,Quebec City,2006,10
2006-11-01,31140.811436402633,Quebec City,2006,11
2006-12-01,31185.5308586206,Quebec City,2006,12
2007-01-01,31230.250280838565,Quebec City,2007,1
2007-02-01,31250.32573014487,Quebec City,2007,2
2007-03-01,31270.401179451168,Quebec City,2007,3
2007-04-01,31290.47662875747,Quebec City,2007,4
2007-05-01,31310.55207806377,Quebec City,2007,5
2007-06-01,31330.627527370074,Quebec City,2007,6
2007-07-01,31350.702976676374,Quebec City,2007,7
2007-08-01,31370.778425982677,Quebec City,2007,8
2007-09-01,31390.85387528898,Quebec City,2007,9
2007-10-01,31410.92932459528,Quebec City,2007,10
2007-11-01,31431.004773901583,Quebec City,2007,11
2007-12-01,31451.080223207882,Quebec City,2007,12
2008-01-01,31471.155672514185,Quebec City,2008,1
2008-02-01,31414.33636899692,Quebec City,2008,2
2008-03-01,31357.517065479653,Quebec City,2008,3
2008-04-01,31300.697761962387,Quebec City,2008,4
2008-05-01,31243.87845844512,Quebec City,2008,5
2008-06-01,31187.059154927854,Quebec City,2008,6
2008-07-01,31130.239851410588,Quebec City,2008,7
2008-08-01,31073.42054789332,Quebec City,2008,8
2008-09-01,31016.601244376056,Quebec City,2008,9
2008-10-01,30959.78194085879,Quebec City,2008,10
2008-11-01,30902.962637341523,Quebec City,2008,11
2008-12-01,30846.143333824257,Quebec City,2008,12
2009-01-01,30789.32403030699,Quebec City,2009,1
2009-02-01,30817.231924785036,Quebec City,2009,2
2009-03-01,30845.139819263077,Quebec City,2009,3
2009-04-01,30873.04771374112,Quebec City,2009,4
2009-05-01,30900.955608219167,Quebec City,2009,5
2009-06-01,30928.863502697208,Quebec City,2009,6
2009-07-01,30956.771397175253,Quebec City,2009,7
2009-08-01,30984.679291653298,Quebec City,2009,8
2009-09-01,31012.58718613134,Quebec City,2009,9
2009-10-01,31040.495080609384,Quebec City,2009,10
2009-11-01,31068.40297508743,Quebec City,2009,11
2009-12-01,31096.31086956547,Quebec City,2009,12
2010-01-01,31124.218764043515,Quebec City,2010,1
2010-02-01,31157.66196714333,Quebec City,2010,2
2010-03-01,31191.105170243143,Quebec City,2010,3
2010-04-01,31224.548373342957,Quebec City,2010,4
2010-05-01,31257.991576442768,Quebec City,2010,5
2010-06-01,31291.434779542582,Quebec City,2010,6
2010-07-01,31324.877982642396,Quebec City,2010,7
2010-08-01,31358.32118574221,Quebec City,2010,8
2010-09-01,31391.764388842024,Quebec City,2010,9
2010-10-01,31425.207591941835,Quebec City,2010,10
2010-11-01,31458.65079504165,Quebec City,2010,11
2010-12-01,31492.093998141463,Quebec City,2010,12
2000-01-01,38663.9642872408,Regina,2000,1
2000-02-01,38651.37920696931,Regina,2000,2
2000-03-01,38638.794126697816,Regina,2000,3
2000-04-01,38626.209046426324,Regina,2000,4
2000-05-01,38613.62396615483,Regina,2000,5
2000-06-01,38601.03888588334,Regina,2000,6
2000-07-01,38588.45380561185,Regina,2000,7
2000-08-01,38575.86872534036,Regina,2000,8
2000-09-01,38563.28364506887,Regina,2000,9
2000-10-01,38550.69856479738,Regina,2000,10
2000-11-01,38538.113484525886,Regina,2000,11
2000-12-01,38525.52840425439,Regina,2000,12
2001-01-01,38512.9433239829,Regina,2001,1
2001-02-01,38518.83483582009,Regina,2001,2
2001-03-01,38524.72634765727,Regina,2001,3
2001-04-01,38530.61785949446,Regina,2001,4
2001-05-01,38536.50937133164,Regina,2001,5
2001-06-01,38542.400883168826,Regina,2001,6
2001-07-01,38548.29239500601,Regina,2001,7
2001-08-01,38554.183906843195,Regina,2001,8
2001-09-01,38560.07541868038,Regina,2001,9
2001-10-01,38565.96693051756,Regina,2001,10
2001-11-01,38571.85844235475,Regina,2001,11
2001-12-01,38577.74995419193,Regina,2001,12
2002-01-01,38583.64146602912,Regina,2002,1
2002-02-01,38721.651576353994,Regina,2002,2
2002-03-01,38859.66168667887,Regina,2002,3
2002-04-01,38997.67179700374,Regina,2002,4
2002-05-01,39135.68190732861,Regina,2002,5
2002-06-01,39273.692017653484,Regina,2002,6
2002-07-01,39411.70212797836,Regina,2002,7
2002-08-01,39549.71223830323,Regina,2002,8
2002-09-01,39687.72234862811,Regina,2002,9
2002-10-01,39825.732458952974,Regina,2002,10
2002-11-01,39963.74256927785,Regina,2002,11
2002-12-01,40101.75267960272,Regina,2002,12
2003-01-01,40239.7627899276,Regina,2003,1
2003-02-01,40389.54146991528,Regina,2003,2
2003-03-01,40539.320149902975,Regina,2003,3
2003-04-01,40689.09882989066,Regina,2003,4
2003-05-01,40838.877509878344,Regina,2003,5
2003-06-01,40988.65618986604,Regina,2003,6
2003-07-01,41138.43486985372,Regina,2003,7
2003-08-01,41288.213549841406,Regina,2003,8
2003-09-01,41437.9922298291,Regina,2003,9
2003-10-01,41587.77090981678,Regina,2003,10
2003-11-01,41737.54958980447,Regina,2003,11
2003-12-01,41887.32826979216,Regina,2003,12
2004-01-01,42037.106949779845,Regina,2004,1
2004-02-01,42132.157861261905,Regina,2004,2
2004-03-01,42227.208772743965,Regina,2004,3
2004-04-01,42322.259684226025,Regina,2004,4
2004-05-01,42417.310595708084,Regina,2004,5
2004-06-01,42512.361507190144,Regina,2004,6
2004-07-01,42607.412418672204,Regina,2004,7
2004-08-01,42702.46333015427,Regina,2004,8
2004-09-01,42797.51424163633,Regina,2004,9
2004-10-01,42892.56515311839,Regina,2004,10
2004-11-01,42987.61606460045,Regina,2004,11
2004-12-01,43082.66697608251,Regina,2004,12
2005-01-01,43177.71788756457,Regina,2005,1
2005-02-01,43132.89432570079,Regina,2005,2
2005-03-01,43088.07076383702,Regina,2005,3
2005-04-01,43043.247201973245,Regina,2005,4
2005-05-01,42998.42364010947,Regina,2005,5
2005-06-01,42953.60007824569,Regina,2005,6
2005-07-01,42908.77651638191,Regina,2005,7
2005-08-01,42863.95295451814,Regina,2005,8
2005-09-01,42819.129392654366,Regina,2005,9
2005-10-01,42774.30583079059,Regina,2005,10
2005-11-01,42729.48226892682,Regina,2005,11
2005-12-01,42684.65870706304,Regina,2005,12
2006-01-01,42639.835145199264,Regina,2006,1
2006-02-01,42730.7365156105,Regina,2006,2
2006-03-01,42821.63788602173,Regina,2006,3
2006-04-01,42912.53925643297,Regina,2006,4
2006-05-01,43003.440626844196,Regina,2006,5
2006-06-01,43094.34199725543,Regina,2006,6
2006-07-01,43185.24336766667,Regina,2006,7
2006-08-01,43276.1447380779,Regina,2006,8
2006-09-01,43367.046108489136,Regina,2006,9
2006-10-01,43457.947478900365,Regina,2006,10
2006-11-01,43548.8488493116,Regina,2006,11
2006-12-01,43639.75021972283,Regina,2006,12
2007-01-01,43730.65159013407,Regina,2007,1
2007-02-01,43864.04279667695,Regina,2007,2
2007-03-01,43997.43400321983,Regina,2007,3
2007-04-01,44130.82520976271,Regina,2007,4
2007-05-01,44264.21641630559,Regina,2007,5
2007-06-01,44397.607622848474,Regina,2007,6
2007-07-01,44530.99882939136,Regina,2007,7
2007-08-01,44664.390035934244,Regina,2007,8
2007-09-01,44797.781242477125,Regina,2007,9
2007-10-01,44931.17244902001,Regina,2007,10
2007-11-01,45064.56365556289,Regina,2007,11
2007-12-01,45197.95486210577,Regina,2007,12
2008-01-01,45331.34606864865,Regina,2008,1
2008-02-01,45071.09270264492,Regina,2008,2
2008-03-01,44810.839336641184,Regina,2008,3
2008-04-01,44550.58597063745,Regina,2008,4
2008-05-01,44290.33260463372,Regina,2008,5
2008-06-01,44030.07923862999,Regina,2008,6
2008-07-01,43769.82587262625,Regina,2008,7
2008-08-01,43509.57250662251,Regina,2008,8
2008-09-01,43249.31914061878,Regina,2008,9
2008-10-01,42989.065774615054,Regina,2008,10
2008-11-01,42728.81240861132,Regina,2008,11
2008-12-01,42468.55904260758,Regina,2008,12
2009-01-01,42208.30567660385,Regina,2009,1
2009-02-01,42325.25492001084,Regina,2009,2
2009-03-01,42442.20416341783,Regina,2009,3
2009-04-01,42559.15340682482,Regina,2009,4
2009-05-01,42676.10265023181,Regina,2009,5
2009-06-01,42793.0518936388,Regina,2009,6
2009-07-01,42910.001137045794,Regina,2009,7
2009-08-01,43026.950380452785,Regina,2009,8
2009-09-01,43143.899623859776,Regina,2009,9
2009-10-01,43260.848867266766,Regina,2009,10
2009-11-01,43377.79811067376,Regina,2009,11
2009-12-01,43494.74735408075,Regina,2009,12
2010-01-01,43611.69659748774,Regina,2010,1
2010-02-01,43757.17264975794,Regina,2010,2
2010-03-01,43902.648702028135,Regina,2010,3
2010-04-01,44048.12475429833,Regina,2010,4
2010-05-01,44193.60080656853,Regina,2010,5
2010-06-01,44339.07685883873,Regina,2010,6
2010-07-01,44484.55291110893,Regina,2010,7
2010-08-01,44630.02896337913,Regina,2010,8
2010-09-01,44775.50501564933,Regina,2010,9
2010-10-01,44920.98106791953,Regina,2010,10
2010-11-01,45066.45712018973,Regina,2010,11
2010-12-01,45211.933172459925,Regina,2010,12
2000-01-01,29362.241139706723,St. John's,2000,1
2000-02-01,29440.887967349423,St. John's,2000,2
2000-03-01,29519.534794992123,St. John's,2000,3
2000-04-01,29598.181622634824,St. John's,2000,4
2000-05-01,29676.828450277524,St. John's,2000,5
2000-06-01,29755.475277920224,St. John's,2000,6
2000-07-01,29834.12210556292,St. John's,2000,7
2000-08-01,29912.76893320562,St. John's,2000,8
2000-09-01,29991.415760848322,St. John's,2000,9
2000-10-01,30070.062588491022,St. John's,2000,10
2000-11-01,30148.709416133723,St. John's,2000,11
2000-12-01,30227.356243776423,St. John's,2000,12
2001-01-01,30306.003071419123,St. John's,2001,1
2001-02-01,30722.563359917043,St. John's,2001,2
2001-03-01,31139.123648414967,St. John's,2001,3
2001-04-01,31555.683936912887,St. John's,2001,4
2001-05-01,31972.244225410806,St. John's,2001,5
2001-06-01,32388.80451390873,St. John's,2001,6
2001-07-01,32805.36480240665,St. John's,2001,7
2001-08-01,33221.92509090457,St. John's,2001,8
2001-09-01,33638.48537940249,St. John's,2001,9
2001-10-01,34055.04566790041,St. John's,2001,10
2001-11-01,34471.605956398336,St. John's,2001,11
2001-12-01,34888.16624489625,St. John's,2001,12
2002-01-01,35304.726533394176,St. John's,2002,1
2002-02-01,35504.824155809896,St. John's,2002,2
2002-03-01,35704.92177822562,St. John's,2002,3
2002-04-01,35905.01940064133,St. John's,2002,4
2002-05-01,36105.11702305705,St. John's,2002,5
2002-06-01,36305.21464547277,St. John's,2002,6
2002-07-01,36505.31226788848,St. John's,2002,7
2002-08-01,36705.4098903042,St. John's,2002,8
2002-09-01,36905.50751271992,St. John's,2002,9
2002-10-01,37105.605135135644,St. John's,2002,10
2002-11-01,37305.702757551364,St. John's,2002,11
2002-12-01,37505.80037996708,St. John's,2002,12
2003-01-01,37705.8980023828,St. John's,2003,1
2003-02-01,37686.71439550735,St. John's,2003,2
2003-03-01,37667.5307886319,St. John's,2003,3
2003-04-01,37648.34718175645,St. John's,2003,4
2003-05-01,37629.163574881,St. John's,2003,5
2003-06-01,37609.97996800555,St. John's,2003,6
2003-07-01,37590.79636113011,St. John's,2003,7
2003-08-01,37571.61275425466,St. John's,2003,8
2003-09-01,37552.42914737921,St. John's,2003,9
2003-10-01,37533.24554050376,St. John's,2003,10
2003-11-01,37514.06193362831,St. John's,2003,11
2003-12-01,37494.87832675286,St. John's,2003,12
2004-01-01,37475.694719877414,St. John's,2004,1
2004-02-01,37574.89155508934,St. John's,2004,2
2004-03-01,37674.08839030127,St. John's,2004,3
2004-04-01,37773.2852255132,St. John's,2004,4
2004-05-01,37872.48206072513,St. John's,2004,5
2004-06-01,37971.67889593706,St. John's,2004,6
2004-07-01,38070.87573114899,St. John's,2004,7
2004-08-01,38170.07256636091,St. John's,2004,8
2004-09-01,38269.26940157284,St. John's,2004,9
2004-10-01,38368.46623678477,St. John's,2004,10
2004-11-01,38467.6630719967,St. John's,2004,11
2004-12-01,38566.85990720863,St. John's,2004,12
2005-01-01,38666.05674242056,St. John's,2005,1
2005-02-01,38806.62477797375,St. John's,2005,2
2005-03-01,38947.192813526955,St. John's,2005,3
2005-04-01,39087.76084908015,St. John's,2005,4
2005-05-01,39228.32888463335,St. John's,2005,5
2005-06-01,39368.89692018655,St. John's,2005,6
2005-07-01,39509.46495573975,St. John's,2005,7
2005-08-01,39650.032991292945,St. John's,2005,8
2005-09-01,39790.60102684614,St. John's,2005,9
2005-10-01,39931.16906239934,St. John's,2005,10
2005-11-01,40071.73709795254,St. John's,2005,11
2005-12-01,40212.30513350574,St. John's,2005,12
2006-01-01,40352.873169058934,St. John's,2006,1
2006-02-01,40734.95986479739,St. John's,2006,2
2006-03-01,41117.04656053585,St. John's,2006,3
2006-04-01,41499.133256274305,St. John's,2006,4
2006-05-01,41881.21995201276,St. John's,2006,5
2006-06-01,42263.30664775122,St. John's,2006,6
2006-07-01,42645.393343489675,St. John's,2006,7
2006-08-01,43027.48003922813,St. John's,2006,8
2006-09-01,43409.56673496659,St. John's,2006,9
2006-10-01,43791.653430705046,St. John's,2006,10
2006-11-01,44173.7401264435,St. John's,2006,11
2006-12-01,44555.82682218196,St. John's,2006,12
2007-01-01,44937.91351792042,St. John's,2007,1
2007-02-01,44847.45170948713,St. John's,2007,2
2007-03-01,44756.98990105385,St. John's,2007,3
2007-04-01,44666.528092620574,St. John's,2007,4
2007-05-01,44576.06628418729,St. John's,2007,5
2007-06-01,44485.60447575401,St. John's,2007,6
2007-07-01,44395.14266732073,St. John's,2007,7
2007-08-01,44304.68085888745,St. John's,2007,8
2007-09-01,44214.219050454165,St. John's,2007,9
2007-10-01,44123.75724202088,St. John's,2007,10
2007-11-01,44033.2954335876,St. John's,2007,11
2007-12-01,43942.83362515432,St. John's,2007,12
2008-01-01,43852.37181672104,St. John's,2008,1
2008-02-01,43473.379144694,St. John's,2008,2
2008-03-01,43094.386472666956,St. John's,2008,3
2008-04-01,42715.39380063992,St. John's,2008,4
2008-05-01,42336.40112861287,St. John's,2008,5
2008-06-01,41957.408456585836,St. John's,2008,6
2008-07-01,41578.41578455879,St. John's,2008,7
2008-08-01,41199.42311253175,St. John's,2008,8
2008-09-01,40820.430440504715,St. John's,2008,9
2008-10-01,40441.43776847767,St. John's,2008,10
2008-11-01,40062.44509645063,St. John's,2008,11
2008-12-01,39683.452424423594,St. John's,2008,12
2009-01-01,39304.45975239655,St. John's,2009,1
2009-02-01,39452.00547828453,St. John's,2009,2
2009-03-01,39599.55120417251,St. John's,2009,3
2009-04-01,39747.09693006049,St. John's,2009,4
2009-05-01,39894.642655948475,St. John's,2009,5
2009-06-01,40042.18838183645,St. John's,2009,6
2009-07-01,40189.734107724435,St. John's,2009,7
2009-08-01,40337.27983361242,St. John's,2009,8
2009-09-01,40484.825559500394,St. John's,2009,9
2009-10-01,40632.37128538838,St. John's,2009,10
2009-11-01,40779.91701127636,St. John's,2009,11
2009-12-01,40927.46273716434,St. John's,2009,12
2010-01-01,41075.00846305232,St. John's,2010,1
2010-02-01,41156.22253670936,St. John's,2010,2
2010-03-01,41237.43661036641,St. John's,2010,3
2010-04-01,41318.65068402345,St. John's,2010,4
2010-05-01,41399.86475768049,St. John's,2010,5
2010-06-01,41481.07883133753,St. John's,2010,6
2010-07-01,41562.292904994574,St. John's,2010,7
2010-08-01,41643.50697865162,St. John's,2010,8
2010-09-01,41724.72105230866,St. John's,2010,9
2010-10-01,41805.9351259657,St. John's,2010,10
2010-11-01,41887.14919962274,St. John's,2010,11
2010-12-01,41968.363273279785,St. John's,2010,12
2000-01-01,34720.87343684406,Toronto,2000,1
2000-02-01,34720.5717703274,Toronto,2000,2
2000-03-01,34720.27010381073,Toronto,2000,3
2000-04-01,34719.968437294076,Toronto,2000,4
2000-05-01,34719.66677077742,Toronto,2000,5
2000-06-01,34719.36510426075,Toronto,2000,6
2000-07-01,34719.063437744095,Toronto,2000,7
2000-08-01,34718.76177122744,Toronto,2000,8
2000-09-01,34718.46010471077,Toronto,2000,9
2000-10-01,34718.158438194114,Toronto,2000,10
2000-11-01,34717.856771677456,Toronto,2000,11
2000-12-01,34717.55510516079,Toronto,2000,12
2001-01-01,34717.25343864413,Toronto,2001,1
2001-02-01,34770.11484819972,Toronto,2001,2
2001-03-01,34822.97625775531,Toronto,2001,3
2001-04-01,34875.8376673109,Toronto,2001,4
2001-05-01,34928.69907686649,Toronto,2001,5
2001-06-01,34981.56048642208,Toronto,2001,6
2001-07-01,35034.42189597767,Toronto,2001,7
2001-08-01,35087.28330553326,Toronto,2001,8
2001-09-01,35140.14471508885,Toronto,2001,9
2001-10-01,35193.00612464444,Toronto,2001,10
2001-11-01,35245.86753420003,Toronto,2001,11
2001-12-01,35298.72894375562,Toronto,2001,12
2002-01-01,35351.59035331121,Toronto,2002,1
2002-02-01,35352.091716719304,Toronto,2002,2
2002-03-01,35352.59308012741,Toronto,2002,3
2002-04-01,35353.094443535505,Toronto,2002,4
2002-05-01,35353.5958069436,Toronto,2002,5
2002-06-01,35354.0971703517,Toronto,2002,6
2002-07-01,35354.598533759796,Toronto,2002,7
2002-08-01,35355.0998971679,Toronto,2002,8
2002-09-01,35355.601260576,Toronto,2002,9
2002-10-01,35356.102623984094,Toronto,2002,10
2002-11-01,35356.6039873922,Toronto,2002,11
2002-12-01,35357.105350800295,Toronto,2002,12
2003-01-01,35357.60671420839,Toronto,2003,1
2003-02-01,35405.6395379201,Toronto,2003,2
2003-03-01,35453.67236163181,Toronto,2003,3
2003-04-01,35501.70518534352,Toronto,2003,4
2003-05-01,35549.738009055225,Toronto,2003,5
2003-06-01,35597.77083276694,Toronto,2003,6
2003-07-01,35645.803656478645,Toronto,2003,7
2003-08-01,35693.83648019035,Toronto,2003,8
2003-09-01,35741.869303902065,Toronto,2003,9
2003-10-01,35789.90212761377,Toronto,2003,10
2003-11-01,35837.93495132548,Toronto,2003,11
2003-12-01,35885.96777503719,Toronto,2003,12
2004-01-01,35934.0005987489,Toronto,2004,1
2004-02-01,35996.52855913123,Toronto,2004,2
2004-03-01,36059.05651951355,Toronto,2004,3
2004-04-01,36121.58447989587,Toronto,2004,4
2004-05-01,36184.1124402782,Toronto,2004,5
2004-06-01,36246.64040066053,Toronto,2004,6
2004-07-01,36309.16836104285,Toronto,2004,7
2004-08-01,36371.696321425174,Toronto,2004,8
2004-09-01,36434.2242818075,Toronto,2004,9
2004-10-01,36496.75224218983,Toronto,2004,10
2004-11-01,36559.280202572154,Toronto,2004,11
2004-12-01,36621.808162954476,Toronto,2004,12
2005-01-01,36684.336123336805,Toronto,2005,1
2005-02-01,36712.63102900041,Toronto,2005,2
2005-03-01,36740.925934664025,Toronto,2005,3
2005-04-01,36769.22084032763,Toronto,2005,4
2005-05-01,36797.515745991244,Toronto,2005,5
2005-06-01,36825.81065165485,Toronto,2005,6
2005-07-01,36854.10555731846,Toronto,2005,7
2005-08-01,36882.40046298207,Toronto,2005,8
2005-09-01,36910.695368645676,Toronto,2005,9
2005-10-01,36938.99027430929,Toronto,2005,10
2005-11-01,36967.285179972896,Toronto,2005,11
2005-12-01,36995.58008563651,Toronto,2005,12
2006-01-01,37023.874991300116,Toronto,2006,1
2006-02-01,37025.88459630301,Toronto,2006,2
2006-03-01,37027.8942013059,Toronto,2006,3
2006-04-01,37029.903806308794,Toronto,2006,4
2006-05-01,37031.91341131168,Toronto,2006,5
2006-06-01,37033.92301631458,Toronto,2006,6
2006-07-01,37035.932621317465,Toronto,2006,7
2006-08-01,37037.94222632036,Toronto,2006,8
2006-09-01,37039.951831323255,Toronto,2006,9
2006-10-01,37041.96143632614,Toronto,2006,10
2006-11-01,37043.97104132904,Toronto,2006,11
2006-12-01,37045.980646331926,Toronto,2006,12
2007-01-01,37047.99025133482,Toronto,2007,1
2007-02-01,37010.64365189724,Toronto,2007,2
2007-03-01,36973.29705245966,Toronto,2007,3
2007-04-01,36935.95045302207,Toronto,2007,4
2007-05-01,36898.60385358449,Toronto,2007,5
2007-06-01,36861.25725414691,Toronto,2007,6
2007-07-01,36823.910654709325,Toronto,2007,7
2007-08-01,36786.564055271745,Toronto,2007,8
2007-09-01,36749.217455834165,Toronto,2007,9
2007-10-01,36711.870856396585,Toronto,2007,10
2007-11-01,36674.524256959005,Toronto,2007,11
2007-12-01,36637.17765752142,Toronto,2007,12
2008-01-01,36599.83105808384,Toronto,2008,1
2008-02-01,36472.052400861736,Toronto,2008,2
2008-03-01,36344.273743639635,Toronto,2008,3
2008-04-01,36216.49508641753,Toronto,2008,4
2008-05-01,36088.71642919543,Toronto,2008,5
2008-06-01,35960.93777197333,Toronto,2008,6
2008-07-01,35833.15911475123,Toronto,2008,7
2008-08-01,35705.38045752913,Toronto,2008,8
2008-09-01,35577.60180030703,Toronto,2008,9
2008-10-01,35449.82314308493,Toronto,2008,10
2008-11-01,35322.044485862825,Toronto,2008,11
2008-12-01,35194.265828640724,Toronto,2008,12
2009-01-01,35066.48717141862,Toronto,2009,1
2009-02-01,35123.7336397265,Toronto,2009,2
2009-03-01,35180.980108034375,Toronto,2009,3
2009-04-01,35238.22657634225,Toronto,2009,4
2009-05-01,35295.47304465013,Toronto,2009,5
2009-06-01,35352.71951295801,Toronto,2009,6
2009-07-01,35409.96598126588,Toronto,2009,7
2009-08-01,35467.21244957375,Toronto,2009,8
2009-09-01,35524.45891788163,Toronto,2009,9
2009-10-01,35581.70538618951,Toronto,2009,10
2009-11-01,35638.95185449738,Toronto,2009,11
2009-12-01,35696.198322805256,Toronto,2009,12
2010-01-01,35753.444791113136,Toronto,2010,1
2010-02-01,35804.72354819552,Toronto,2010,2
2010-03-01,35856.002305277914,Toronto,2010,3
2010-04-01,35907.2810623603,Toronto,2010,4
2010-05-01,35958.559819442686,Toronto,2010,5
2010-06-01,36009.83857652507,Toronto,2010,6
2010-07-01,36061.11733360746,Toronto,2010,7
2010-08-01,36112.39609068985,Toronto,2010,8
2010-09-01,36163.674847772236,Toronto,2010,9
2010-10-01,36214.95360485462,Toronto,2010,10
2010-11-01,36266.232361937015,Toronto,2010,11
2010-12-01,36317.5111190194,Toronto,2010,12
2000-01-01,29974.963061489438,Victoria,2000,1
2000-02-01,29966.582576533434,Victoria,2000,2
2000-03-01,29958.202091577426,Victoria,2000,3
2000-04-01,29949.821606621423,Victoria,2000,4
2000-05-01,29941.44112166542,Victoria,2000,5
2000-06-01,29933.06063670941,Victoria,2000,6
2000-07-01,29924.680151753408,Victoria,2000,7
2000-08-01,29916.299666797404,Victoria,2000,8
2000-09-01,29907.919181841396,Victoria,2000,9
2000-10-01,29899.538696885393,Victoria,2000,10
2000-11-01,29891.15821192939,Victoria,2000,11
2000-12-01,29882.77772697338,Victoria,2000,12
2001-01-01,29874.397242017378,Victoria,2001,1
2001-02-01,29954.847083011176,Victoria,2001,2
2001-03-01,30035.29692400498,Victoria,2001,3
2001-04-01,30115.74676499878,Victoria,2001,4
2001-05-01,30196.19660599258,Victoria,2001,5
2001-06-01,30276.64644698638,Victoria,2001,6
2001-07-01,30357.09628798018,Victoria,2001,7
2001-08-01,30437.546128973983,Victoria,2001,8
2001-09-01,30517.995969967782,Victoria,2001,9
2001-10-01,30598.44581096158,Victoria,2001,10
2001-11-01,30678.895651955383,Victoria,2001,11
2001-12-01,30759.345492949185,Victoria,2001,12
2002-01-01,30839.795333942984,Victoria,2002,1
2002-02-01,30887.216064484583,Victoria,2002,2
2002-03-01,30934.63679502618,Victoria,2002,3
2002-04-01,30982.057525567783,Victoria,2002,4
2002-05-01,31029.47825610938,Victoria,2002,5
2002-06-01,31076.89898665098,Victoria,2002,6
2002-07-01,31124.31971719258,Victoria,2002,7
2002-08-01,31171.740447734177,Victoria,2002,8
2002-09-01,31219.161178275775,Victoria,2002,9
2002-10-01,31266.581908817374,Victoria,2002,10
2002-11-01,31314.002639358976,Victoria,2002,11
2002-12-01,31361.423369900574,Victoria,2002,12
2003-01-01,31408.844100442173,Victoria,2003,1
2003-02-01,31494.184461710312,Victoria,2003,2
2003-03-01,31579.524822978452,Victoria,2003,3
2003-04-01,31664.86518424659,Victoria,2003,4
2003-05-01,31750.20554551473,Victoria,2003,5
2003-06-01,31835.54590678287,Victoria,2003,6
2003-07-01,31920.886268051014,Victoria,2003,7
2003-08-01,32006.226629319153,Victoria,2003,8
2003-09-01,32091.566990587293,Victoria,2003,9
2003-10-01,32176.907351855432,Victoria,2003,10
2003-11-01,32262.247713123572,Victoria,2003,11
2003-12-01,32347.58807439171,Victoria,2003,12
2004-01-01,32432.92843565985,Victoria,2004,1
2004-02-01,32532.347111209616,Victoria,2004,2
2004-03-01,32631.765786759377,Victoria,2004,3
2004-04-01,32731.18446230914,Victoria,2004,4
2004-05-01,32830.6031378589,Victoria,2004,5
2004-06-01,32930.02181340867,Victoria,2004,6
2004-07-01,33029.440488958426,Victoria,2004,7
2004-08-01,33128.85916450819,Victoria,2004,8
2004-09-01,33228.277840057955,Victoria,2004,9
2004-10-01,33327.69651560772,Victoria,2004,10
2004-11-01,33427.115191157485,Victoria,2004,11
2004-12-01,33526.53386670724,Victoria,2004,12
2005-01-01,33625.95254225701,Victoria,2005,1
2005-02-01,33723.382729847224,Victoria,2005,2
2005-03-01,33820.81291743743,Victoria,2005,3
2005-04-01,33918.24310502765,Victoria,2005,4
2005-05-01,34015.67329261787,Victoria,2005,5
2005-06-01,34113.10348020808,Victoria,2005,6
2005-07-01,34210.5336677983,Victoria,2005,7
2005-08-01,34307.96385538851,Victoria,2005,8
2005-09-01,34405.394042978725,Victoria,2005,9
2005-10-01,34502.82423056894,Victoria,2005,10
2005-11-01,34600.25441815915,Victoria,2005,11
2005-12-01,34697.68460574937,Victoria,2005,12
2006-01-01,34795.114793339584,Victoria,2006,1
2006-02-01,34842.41580602176,Victoria,2006,2
2006-03-01,34889.71681870393,Victoria,2006,3
2006-04-01,34937.0178313861,Victoria,2006,4
2006-05-01,34984.31884406827,Victoria,2006,5
2006-06-01,35031.61985675045,Victoria,2006,6
2006-07-01,35078.92086943262,Victoria,2006,7
2006-08-01,35126.22188211479,Victoria,2006,8
2006-09-01,35173.522894796966,Victoria,2006,9
2006-10-01,35220.823907479135,Victoria,2006,10
2006-11-01,35268.12492016131,Victoria,2006,11
2006-12-01,35315.42593284348,Victoria,2006,12
2007-01-01,35362.726945525654,Victoria,2007,1
2007-02-01,35339.417975317396,Victoria,2007,2
2007-03-01,35316.109005109145,Victoria,2007,3
2007-04-01,35292.80003490089,Victoria,2007,4
2007-05-01,35269.49106469263,Victoria,2007,5
2007-06-01,35246.18209448438,Victoria,2007,6
2007-07-01,35222.87312427612,Victoria,2007,7
2007-08-01,35199.56415406786,Victoria,2007,8
2007-09-01,35176.25518385961,Victoria,2007,9
2007-10-01,35152.946213651354,Victoria,2007,10
2007-11-01,35129.637243443096,Victoria,2007,11
2007-12-01,35106.328273234845,Victoria,2007,12
2008-01-01,35083.01930302659,Victoria,2008,1
2008-02-01,34968.31343761009,Victoria,2008,2
2008-03-01,34853.60757219361,Victoria,2008,3
2008-04-01,34738.90170677711,Victoria,2008,4
2008-05-01,34624.19584136062,Victoria,2008,5
2008-06-01,34509.48997594413,Victoria,2008,6
2008-07-01,34394.78411052764,Victoria,2008,7
2008-08-01,34280.078245111144,Victoria,2008,8
2008-09-01,34165.37237969466,Victoria,2008,9
2008-10-01,34050.666514278164,Victoria,2008,10
2008-11-01,33935.96064886167,Victoria,2008,11
2008-12-01,33821.25478344518,Victoria,2008,12
2009-01-01,33706.54891802869,Victoria,2009,1
2009-02-01,33748.34807802887,Victoria,2009,2
2009-03-01,33790.14723802905,Victoria,2009,3
2009-04-01,33831.94639802923,Victoria,2009,4
2009-05-01,33873.74555802941,Victoria,2009,5
2009-06-01,33915.54471802959,Victoria,2009,6
2009-07-01,33957.34387802977,Victoria,2009,7
2009-08-01,33999.14303802995,Victoria,2009,8
2009-09-01,34040.94219803013,Victoria,2009,9
2009-10-01,34082.74135803031,Victoria,2009,10
2009-11-01,34124.54051803049,Victoria,2009,11
2009-12-01,34166.33967803067,Victoria,2009,12
2010-01-01,34208.13883803085,Victoria,2010,1
2010-02-01,34260.06694182872,Victoria,2010,2
2010-03-01,34311.995045626594,Victoria,2010,3
2010-04-01,34363.92314942446,Victoria,2010,4
2010-05-01,34415.85125322233,Victoria,2010,5
2010-06-01,34467.779357020205,Victoria,2010,6
2010-07-01,34519.70746081808,Victoria,2010,7
2010-08-01,34571.63556461595,Victoria,2010,8
2010-09-01,34623.56366841382,Victoria,2010,9
2010-10-01,34675.491772211695,Victoria,2010,10
2010-11-01,34727.41987600956,Victoria,2010,11
2010-12-01,34779.34797980743,Victoria,2010,12
2000-01-01,28545.519311817017,Winnipeg,2000,1
2000-02-01,28568.8163995368,Winnipeg,2000,2
2000-03-01,28592.11348725659,Winnipeg,2000,3
2000-04-01,28615.410574976373,Winnipeg,2000,4
2000-05-01,28638.707662696157,Winnipeg,2000,5
2000-06-01,28662.004750415945,Winnipeg,2000,6
2000-07-01,28685.30183813573,Winnipeg,2000,7
2000-08-01,28708.598925855513,Winnipeg,2000,8
2000-09-01,28731.8960135753,Winnipeg,2000,9
2000-10-01,28755.193101295084,Winnipeg,2000,10
2000-11-01,28778.49018901487,Winnipeg,2000,11
2000-12-01,28801.787276734656,Winnipeg,2000,12
2001-01-01,28825.08436445444,Winnipeg,2001,1
2001-02-01,28854.71503153824,Winnipeg,2001,2
2001-03-01,28884.345698622034,Winnipeg,2001,3
2001-04-01,28913.976365705832,Winnipeg,2001,4
2001-05-01,28943.60703278963,Winnipeg,2001,5
2001-06-01,28973.237699873425,Winnipeg,2001,6
2001-07-01,29002.868366957224,Winnipeg,2001,7
2001-08-01,29032.499034041022,Winnipeg,2001,8
2001-09-01,29062.129701124817,Winnipeg,2001,9
2001-10-01,29091.760368208616,Winnipeg,2001,10
2001-11-01,29121.391035292414,Winnipeg,2001,11
2001-12-01,29151.02170237621,Winnipeg,2001,12
2002-01-01,29180.652369460007,Winnipeg,2002,1
2002-02-01,29188.88336000468,Winnipeg,2002,2
2002-03-01,29197.114350549346,Winnipeg,2002,3
2002-04-01,29205.345341094016,Winnipeg,2002,4
2002-05-01,29213.576331638687,Winnipeg,2002,5
2002-06-01,29221.807322183355,Winnipeg,2002,6
2002-07-01,29230.038312728026,Winnipeg,2002,7
2002-08-01,29238.269303272697,Winnipeg,2002,8
2002-09-01,29246.500293817364,Winnipeg,2002,9
2002-10-01,29254.731284362035,Winnipeg,2002,10
2002-11-01,29262.962274906706,Winnipeg,2002,11
2002-12-01,29271.193265451373,Winnipeg,2002,12
2003-01-01,29279.424255996044,Winnipeg,2003,1
2003-02-01,29327.51693158566,Winnipeg,2003,2
2003-03-01,29375.60960717527,Winnipeg,2003,3
2003-04-01,29423.702282764883,Winnipeg,2003,4
2003-05-01,29471.794958354498,Winnipeg,2003,5
2003-06-01,29519.88763394411,Winnipeg,2003,6
2003-07-01,29567.980309533723,Winnipeg,2003,7
2003-08-01,29616.072985123337,Winnipeg,2003,8
2003-09-01,29664.165660712948,Winnipeg,2003,9
2003-10-01,29712.258336302562,Winnipeg,2003,10
2003-11-01,29760.351011892177,Winnipeg,2003,11
2003-12-01,29808.443687481787,Winnipeg,2003,12
2004-01-01,29856.536363071402,Winnipeg,2004,1
2004-02-01,29923.11297323345,Winnipeg,2004,2
2004-03-01,29989.689583395495,Winnipeg,2004,3
2004-04-01,30056.266193557545,Winnipeg,2004,4
2004-05-01,30122.84280371959,Winnipeg,2004,5
2004-06-01,30189.41941388164,Winnipeg,2004,6
2004-07-01,30255.996024043685,Winnipeg,2004,7
2004-08-01,30322.57263420573,Winnipeg,2004,8
2004-09-01,30389.149244367778,Winnipeg,2004,9
2004-10-01,30455.725854529825,Winnipeg,2004,10
2004-11-01,30522.302464691875,Winnipeg,2004,11
2004-12-01,30588.87907485392,Winnipeg,2004,12
2005-01-01,30655.455685015968,Winnipeg,2005,1
2005-02-01,30741.553987720363,Winnipeg,2005,2
2005-03-01,30827.652290424754,Winnipeg,2005,3
2005-04-01,30913.75059312915,Winnipeg,2005,4
2005-05-01,30999.848895833544,Winnipeg,2005,5
2005-06-01,31085.947198537935,Winnipeg,2005,6
2005-07-01,31172.04550124233,Winnipeg,2005,7
2005-08-01,31258.143803946725,Winnipeg,2005,8
2005-09-01,31344.242106651116,Winnipeg,2005,9
2005-10-01,31430.34040935551,Winnipeg,2005,10
2005-11-01,31516.438712059906,Winnipeg,2005,11
2005-12-01,31602.537014764297,Winnipeg,2005,12
2006-01-01,31688.635317468692,Winnipeg,2006,1
2006-02-01,31730.495989029387,Winnipeg,2006,2
2006-03-01,31772.356660590085,Winnipeg,2006,3
2006-04-01,31814.21733215078,Winnipeg,2006,4
2006-05-01,31856.07800371148,Winnipeg,2006,5
2006-06-01,31897.938675272173,Winnipeg,2006,6
2006-07-01,31939.79934683287,Winnipeg,2006,7
2006-08-01,31981.660018393566,Winnipeg,2006,8
2006-09-01,32023.52068995426,Winnipeg,2006,9
2006-10-01,32065.38136151496,Winnipeg,2006,10
2006-11-01,32107.242033075654,Winnipeg,2006,11
2006-12-01,32149.102704636352,Winnipeg,2006,12
2007-01-01,32190.963376197047,Winnipeg,2007,1
2007-02-01,32261.363168224747,Winnipeg,2007,2
2007-03-01,32331.76296025245,Winnipeg,2007,3
2007-04-01,32402.16275228015,Winnipeg,2007,4
2007-05-01,32472.56254430785,Winnipeg,2007,5
2007-06-01,32542.962336335553,Winnipeg,2007,6
2007-07-01,32613.362128363253,Winnipeg,2007,7
2007-08-01,32683.761920390953,Winnipeg,2007,8
2007-09-01,32754.161712418656,Winnipeg,2007,9
2007-10-01,32824.561504446356,Winnipeg,2007,10
2007-11-01,32894.96129647406,Winnipeg,2007,11
2007-12-01,32965.361088501755,Winnipeg,2007,12
2008-01-01,33035.76088052946,Winnipeg,2008,1
2008-02-01,33000.01294463085,Winnipeg,2008,2
2008-03-01,32964.26500873224,Winnipeg,2008,3
2008-04-01,32928.51707283363,Winnipeg,2008,4
2008-05-01,32892.76913693502,Winnipeg,2008,5
2008-06-01,32857.02120103641,Winnipeg,2008,6
2008-07-01,32821.2732651378,Winnipeg,2008,7
2008-08-01,32785.525329239186,Winnipeg,2008,8
2008-09-01,32749.77739334058,Winnipeg,2008,9
2008-10-01,32714.029457441968,Winnipeg,2008,10
2008-11-01,32678.28152154336,Winnipeg,2008,11
2008-12-01,32642.53358564475,Winnipeg,2008,12
2009-01-01,32606.78564974614,Winnipeg,2009,1
2009-02-01,32647.299929036642,Winnipeg,2009,2
2009-03-01,32687.814208327145,Winnipeg,2009,3
2009-04-01,32728.328487617648,Winnipeg,2009,4
2009-05-01,32768.84276690815,Winnipeg,2009,5
2009-06-01,32809.35704619865,Winnipeg,2009,6
2009-07-01,32849.87132548916,Winnipeg,2009,7
2009-08-01,32890.385604779665,Winnipeg,2009,8
2009-09-01,32930.89988407017,Winnipeg,2009,9
2009-10-01,32971.41416336067,Winnipeg,2009,10
2009-11-01,33011.92844265117,Winnipeg,2009,11
2009-12-01,33052.442721941676,Winnipeg,2009,12
2010-01-01,33092.95700123218,Winnipeg,2010,1
2010-02-01,33127.405446228324,Winnipeg,2010,2
2010-03-01,33161.85389122446,Winnipeg,2010,3
2010-04-01,33196.3023362206,Winnipeg,2010,4
2010-05-01,33230.750781216746,Winnipeg,2010,5
2010-06-01,33265.19922621289,Winnipeg,2010,6
2010-07-01,33299.64767120903,Winnipeg,2010,7
2010-08-01,33334.09611620517,Winnipeg,2010,8
2010-09-01,33368.54456120131,Winnipeg,2010,9
2010-10-01,33402.99300619746,Winnipeg,2010,10
2010-11-01,33437.4414511936,Winnipeg,2010,11
2010-12-01,33471.889896189736,Winnipeg,2010,12
