date,state,year,megatonnes CO2,month
2011-01-01,AK,2011,13.838922255392841,1
2011-02-01,AK,2011,13.784024300655755,2
2011-03-01,AK,2011,13.734439051215805,3
2011-04-01,AK,2011,13.679541096478717,4
2011-05-01,AK,2011,13.626414043507342,5
2011-06-01,AK,2011,13.571516088770256,6
2011-07-01,AK,2011,13.518389035798881,7
2011-08-01,AK,2011,13.463491081061793,8
2011-09-01,AK,2011,13.408593126324707,9
2011-10-01,AK,2011,13.355466073353332,10
2011-11-01,AK,2011,13.300568118616244,11
2011-12-01,AK,2011,13.24744106564487,12
2012-01-01,AK,2012,13.142426857996464,1
2012-02-01,AK,2012,13.03741265034806,2
2012-03-01,AK,2012,12.939173552870518,3
2012-04-01,AK,2012,12.834159345222114,4
2012-05-01,AK,2012,12.73253269265914,5
2012-06-01,AK,2012,12.627518485010736,6
2012-07-01,AK,2012,12.525891832447762,7
2012-08-01,AK,2012,12.420877624799356,8
2012-09-01,AK,2012,12.315863417150952,9
2012-10-01,AK,2012,12.214236764587978,10
2012-11-01,AK,2012,12.109222556939573,11
2012-12-01,AK,2012,12.0075959043766,12
2013-01-01,AK,2013,11.911112997715215,1
2013-02-01,AK,2013,11.814630091053827,2
2013-03-01,AK,2013,11.727484239875801,3
2013-04-01,AK,2013,11.631001333214414,4
2013-05-01,AK,2013,11.537630778380814,5
2013-06-01,AK,2013,11.441147871719428,6
2013-07-01,AK,2013,11.347777316885828,7
2013-08-01,AK,2013,11.251294410224443,8
2013-09-01,AK,2013,11.154811503563055,9
2013-10-01,AK,2013,11.061440948729455,10
2013-11-01,AK,2013,10.96495804206807,11
2013-12-01,AK,2013,10.87158748723447,12
2011-01-01,AL,2011,32.18571453837621,1
2011-02-01,AL,2011,32.18324326790668,2
2011-03-01,AL,2011,32.181011152643876,3
2011-04-01,AL,2011,32.17853988217435,4
2011-05-01,AL,2011,32.17614833010706,5
2011-06-01,AL,2011,32.173677059637534,6
2011-07-01,AL,2011,32.171285507570246,7
2011-08-01,AL,2011,32.16881423710072,8
2011-09-01,AL,2011,32.16634296663119,9
2011-10-01,AL,2011,32.163951414563904,10
2011-11-01,AL,2011,32.16148014409438,11
2011-12-01,AL,2011,32.15908859202709,12
2012-01-01,AL,2012,32.11874461172248,1
2012-02-01,AL,2012,32.078400631417864,2
2012-03-01,AL,2012,32.04065948855226,3
2012-04-01,AL,2012,32.00031550824765,4
2012-05-01,AL,2012,31.96127294666254,5
2012-06-01,AL,2012,31.920928966357927,6
2012-07-01,AL,2012,31.88188640477282,7
2012-08-01,AL,2012,31.84154242446821,8
2012-09-01,AL,2012,31.801198444163596,9
2012-10-01,AL,2012,31.762155882578487,10
2012-11-01,AL,2012,31.721811902273878,11
2012-12-01,AL,2012,31.68276934068877,12
2013-01-01,AL,2013,31.630750938313273,1
2013-02-01,AL,2013,31.57873253593778,2
2013-03-01,AL,2013,31.531748172501853,3
2013-04-01,AL,2013,31.479729770126358,4
2013-05-01,AL,2013,31.42938938073072,5
2013-06-01,AL,2013,31.377370978355227,6
2013-07-01,AL,2013,31.327030588959587,7
2013-08-01,AL,2013,31.275012186584096,8
2013-09-01,AL,2013,31.2229937842086,9
2013-10-01,AL,2013,31.17265339481296,10
2013-11-01,AL,2013,31.12063499243747,11
2013-12-01,AL,2013,31.07029460304183,12
2011-01-01,AR,2011,19.727300288134355,1
2011-02-01,AR,2011,19.70330903274818,2
2011-03-01,AR,2011,19.681639511754216,3
2011-04-01,AR,2011,19.65764825636804,4
2011-05-01,AR,2011,19.63443091244594,5
2011-06-01,AR,2011,19.610439657059764,6
2011-07-01,AR,2011,19.587222313137662,7
2011-08-01,AR,2011,19.563231057751487,8
2011-09-01,AR,2011,19.539239802365312,9
2011-10-01,AR,2011,19.516022458443206,10
2011-11-01,AR,2011,19.492031203057035,11
2011-12-01,AR,2011,19.46881385913493,12
2012-01-01,AR,2012,19.41350282833871,1
2012-02-01,AR,2012,19.358191797542492,2
2012-03-01,AR,2012,19.30644922034603,3
2012-04-01,AR,2012,19.25113818954981,4
2012-05-01,AR,2012,19.19761138555347,5
2012-06-01,AR,2012,19.14230035475725,6
2012-07-01,AR,2012,19.08877355076091,7
2012-08-01,AR,2012,19.03346251996469,8
2012-09-01,AR,2012,18.97815148916847,9
2012-10-01,AR,2012,18.92462468517213,10
2012-11-01,AR,2012,18.86931365437591,11
2012-12-01,AR,2012,18.81578685037957,12
2013-01-01,AR,2013,18.791703038759533,1
2013-02-01,AR,2013,18.767619227139498,2
2013-03-01,AR,2013,18.745866106966563,3
2013-04-01,AR,2013,18.721782295346525,4
2013-05-01,AR,2013,18.69847538087552,5
2013-06-01,AR,2013,18.674391569255487,6
2013-07-01,AR,2013,18.651084654784484,7
2013-08-01,AR,2013,18.62700084316445,8
2013-09-01,AR,2013,18.60291703154441,9
2013-10-01,AR,2013,18.579610117073408,10
2013-11-01,AR,2013,18.555526305453373,11
2013-12-01,AR,2013,18.53221939098237,12
2011-01-01,AZ,2011,35.23517525365088,1
2011-02-01,AZ,2011,35.21011859375777,2
2011-03-01,AZ,2011,35.18748677191883,3
2011-04-01,AZ,2011,35.16243011202571,4
2011-05-01,AZ,2011,35.13818173148399,5
2011-06-01,AZ,2011,35.11312507159087,6
2011-07-01,AZ,2011,35.08887669104915,7
2011-08-01,AZ,2011,35.063820031156034,8
2011-09-01,AZ,2011,35.03876337126292,9
2011-10-01,AZ,2011,35.014514990721196,10
2011-11-01,AZ,2011,34.98945833082808,11
2011-12-01,AZ,2011,34.96520995028636,12
2012-01-01,AZ,2012,34.90320311990274,1
2012-02-01,AZ,2012,34.841196289519125,2
2012-03-01,AZ,2012,34.78318989980542,3
2012-04-01,AZ,2012,34.721183069421805,4
2012-05-01,AZ,2012,34.661176459373145,5
2012-06-01,AZ,2012,34.59916962898953,6
2012-07-01,AZ,2012,34.53916301894087,7
2012-08-01,AZ,2012,34.47715618855725,8
2012-09-01,AZ,2012,34.415149358173636,9
2012-10-01,AZ,2012,34.355142748124976,10
2012-11-01,AZ,2012,34.29313591774136,11
2012-12-01,AZ,2012,34.2331293076927,12
2013-01-01,AZ,2013,34.2605356615352,1
2013-02-01,AZ,2013,34.28794201537771,2
2013-03-01,AZ,2013,34.312696141429,3
2013-04-01,AZ,2013,34.34010249527151,4
2013-05-01,AZ,2013,34.36662477318361,5
2013-06-01,AZ,2013,34.39403112702611,6
2013-07-01,AZ,2013,34.42055340493821,7
2013-08-01,AZ,2013,34.44795975878072,8
2013-09-01,AZ,2013,34.47536611262322,9
2013-10-01,AZ,2013,34.50188839053532,10
2013-11-01,AZ,2013,34.52929474437783,11
2013-12-01,AZ,2013,34.55581702228993,12
2011-01-01,CA,2011,200.0810831417007,1
2011-02-01,CA,2011,199.40506344873322,2
2011-03-01,CA,2011,198.79446501637548,3
2011-04-01,CA,2011,198.118445323408,4
2011-05-01,CA,2011,197.46423271731044,5
2011-06-01,CA,2011,196.78821302434295,6
2011-07-01,CA,2011,196.1340004182454,7
2011-08-01,CA,2011,195.4579807252779,8
2011-09-01,CA,2011,194.78196103231042,9
2011-10-01,CA,2011,194.12774842621283,10
2011-11-01,CA,2011,193.45172873324535,11
2011-12-01,CA,2011,192.7975161271478,12
2012-01-01,CA,2012,192.4705685212737,1
2012-02-01,CA,2012,192.14362091539962,2
2012-03-01,CA,2012,191.83776670345287,3
2012-04-01,CA,2012,191.5108190975788,4
2012-05-01,CA,2012,191.19441818866838,5
2012-06-01,CA,2012,190.86747058279428,6
2012-07-01,CA,2012,190.5510696738839,7
2012-08-01,CA,2012,190.2241220680098,8
2012-09-01,CA,2012,189.89717446213572,9
2012-10-01,CA,2012,189.5807735532253,10
2012-11-01,CA,2012,189.2538259473512,11
2012-12-01,CA,2012,188.9374250384408,12
2013-01-01,CA,2013,188.84331579319422,1
2013-02-01,CA,2013,188.74920654794764,2
2013-03-01,CA,2013,188.6642046490152,3
2013-04-01,CA,2013,188.57009540376862,4
2013-05-01,CA,2013,188.47902194062675,5
2013-06-01,CA,2013,188.38491269538017,6
2013-07-01,CA,2013,188.2938392322383,7
2013-08-01,CA,2013,188.1997299869917,8
2013-09-01,CA,2013,188.10562074174513,9
2013-10-01,CA,2013,188.01454727860326,10
2013-11-01,CA,2013,187.92043803335667,11
2013-12-01,CA,2013,187.8293645702148,12
2011-01-01,CO,2011,29.062288833155456,1
2011-02-01,CO,2011,28.995073214465677,2
2011-03-01,CO,2011,28.934362333068453,3
2011-04-01,CO,2011,28.86714671437867,4
2011-05-01,CO,2011,28.802099341453076,5
2011-06-01,CO,2011,28.734883722763293,6
2011-07-01,CO,2011,28.6698363498377,7
2011-08-01,CO,2011,28.602620731147915,8
2011-09-01,CO,2011,28.535405112458132,9
2011-10-01,CO,2011,28.47035773953254,10
2011-11-01,CO,2011,28.403142120842755,11
2011-12-01,CO,2011,28.33809474791716,12
2012-01-01,CO,2012,28.31501973656157,1
2012-02-01,CO,2012,28.291944725205983,2
2012-03-01,CO,2012,28.27035842426043,3
2012-04-01,CO,2012,28.247283412904842,4
2012-05-01,CO,2012,28.22495275675427,5
2012-06-01,CO,2012,28.201877745398683,6
2012-07-01,CO,2012,28.17954708924811,7
2012-08-01,CO,2012,28.15647207789252,8
2012-09-01,CO,2012,28.133397066536933,9
2012-10-01,CO,2012,28.11106641038636,10
2012-11-01,CO,2012,28.08799139903077,11
2012-12-01,CO,2012,28.0656607428802,12
2013-01-01,CO,2013,28.05434558910038,1
2013-02-01,CO,2013,28.043030435320556,2
2013-03-01,CO,2013,28.03281029642265,3
2013-04-01,CO,2013,28.021495142642827,4
2013-05-01,CO,2013,28.010544993823643,5
2013-06-01,CO,2013,27.99922984004382,6
2013-07-01,CO,2013,27.988279691224637,7
2013-08-01,CO,2013,27.97696453744481,8
2013-09-01,CO,2013,27.96564938366499,9
2013-10-01,CO,2013,27.954699234845805,10
2013-11-01,CO,2013,27.943384081065982,11
2013-12-01,CO,2013,27.9324339322468,12
2011-01-01,CT,2011,15.869419674377378,1
2011-02-01,CT,2011,15.844656655101394,2
2011-03-01,CT,2011,15.822290057045668,3
2011-04-01,CT,2011,15.797527037769685,4
2011-05-01,CT,2011,15.773562825567122,5
2011-06-01,CT,2011,15.748799806291139,6
2011-07-01,CT,2011,15.724835594088576,7
2011-08-01,CT,2011,15.700072574812593,8
2011-09-01,CT,2011,15.67530955553661,9
2011-10-01,CT,2011,15.651345343334047,10
2011-11-01,CT,2011,15.626582324058065,11
2011-12-01,CT,2011,15.6026181118555,12
2012-01-01,CT,2012,15.569363066317006,1
2012-02-01,CT,2012,15.536108020778512,2
2012-03-01,CT,2012,15.504998462048952,3
2012-04-01,CT,2012,15.471743416510456,4
2012-05-01,CT,2012,15.43956111437643,5
2012-06-01,CT,2012,15.406306068837935,6
2012-07-01,CT,2012,15.374123766703908,7
2012-08-01,CT,2012,15.340868721165414,8
2012-09-01,CT,2012,15.307613675626918,9
2012-10-01,CT,2012,15.275431373492891,10
2012-11-01,CT,2012,15.242176327954397,11
2012-12-01,CT,2012,15.20999402582037,12
2013-01-01,CT,2013,15.180264856114695,1
2013-02-01,CT,2013,15.150535686409018,2
2013-03-01,CT,2013,15.123683533126473,3
2013-04-01,CT,2013,15.093954363420798,4
2013-05-01,CT,2013,15.065184199189499,5
2013-06-01,CT,2013,15.035455029483824,6
2013-07-01,CT,2013,15.006684865252524,7
2013-08-01,CT,2013,14.976955695546849,8
2013-09-01,CT,2013,14.947226525841174,9
2013-10-01,CT,2013,14.918456361609875,10
2013-11-01,CT,2013,14.888727191904199,11
2013-12-01,CT,2013,14.8599570276729,12
2011-01-01,DE,2011,5.430239112341351,1
2011-02-01,DE,2011,5.388822159417202,2
2011-03-01,DE,2011,5.351413298711519,3
2011-04-01,DE,2011,5.30999634578737,4
2011-05-01,DE,2011,5.2699154236027095,5
2011-06-01,DE,2011,5.228498470678561,6
2011-07-01,DE,2011,5.1884175484939,7
2011-08-01,DE,2011,5.147000595569751,8
2011-09-01,DE,2011,5.105583642645603,9
2011-10-01,DE,2011,5.065502720460942,10
2011-11-01,DE,2011,5.024085767536794,11
2011-12-01,DE,2011,4.984004845352133,12
2012-01-01,DE,2012,4.976228204686401,1
2012-02-01,DE,2012,4.968451564020669,2
2012-03-01,DE,2012,4.9611766421075645,3
2012-04-01,DE,2012,4.953400001441833,4
2012-05-01,DE,2012,4.945874220152415,5
2012-06-01,DE,2012,4.9380975794866835,6
2012-07-01,DE,2012,4.930571798197265,7
2012-08-01,DE,2012,4.922795157531533,8
2012-09-01,DE,2012,4.915018516865802,9
2012-10-01,DE,2012,4.907492735576383,10
2012-11-01,DE,2012,4.8997160949106515,11
2012-12-01,DE,2012,4.892190313621233,12
2013-01-01,DE,2013,4.864614559421017,1
2013-02-01,DE,2013,4.8370388052208,2
2013-03-01,DE,2013,4.8121316723947976,3
2013-04-01,DE,2013,4.784555918194581,4
2013-05-01,DE,2013,4.757869704452435,5
2013-06-01,DE,2013,4.730293950252219,6
2013-07-01,DE,2013,4.703607736510074,7
2013-08-01,DE,2013,4.676031982309857,8
2013-09-01,DE,2013,4.64845622810964,9
2013-10-01,DE,2013,4.621770014367495,10
2013-11-01,DE,2013,4.594194260167279,11
2013-12-01,DE,2013,4.567508046425133,12
2011-01-01,FL,2011,106.74538735410492,1
2011-02-01,FL,2011,106.59097885137272,2
2011-03-01,FL,2011,106.45151310696947,3
2011-04-01,FL,2011,106.29710460423728,4
2011-05-01,FL,2011,106.14767702094807,5
2011-06-01,FL,2011,105.99326851821588,6
2011-07-01,FL,2011,105.84384093492667,7
2011-08-01,FL,2011,105.6894324321945,8
2011-09-01,FL,2011,105.5350239294623,9
2011-10-01,FL,2011,105.38559634617309,10
2011-11-01,FL,2011,105.2311878434409,11
2011-12-01,FL,2011,105.0817602601517,12
2012-01-01,FL,2012,104.90876770458222,1
2012-02-01,FL,2012,104.73577514901274,2
2012-03-01,FL,2012,104.57394340348,3
2012-04-01,FL,2012,104.40095084791054,4
2012-05-01,FL,2012,104.23353869735942,5
2012-06-01,FL,2012,104.06054614178996,6
2012-07-01,FL,2012,103.89313399123884,7
2012-08-01,FL,2012,103.72014143566936,8
2012-09-01,FL,2012,103.5471488800999,9
2012-10-01,FL,2012,103.37973672954878,10
2012-11-01,FL,2012,103.2067441739793,11
2012-12-01,FL,2012,103.0393320234282,12
2013-01-01,FL,2013,103.14212993042818,1
2013-02-01,FL,2013,103.24492783742816,2
2013-03-01,FL,2013,103.33777755987977,3
2013-04-01,FL,2013,103.44057546687975,4
2013-05-01,FL,2013,103.5400573123636,5
2013-06-01,FL,2013,103.64285521936358,6
2013-07-01,FL,2013,103.74233706484743,7
2013-08-01,FL,2013,103.84513497184741,8
2013-09-01,FL,2013,103.9479328788474,9
2013-10-01,FL,2013,104.04741472433126,10
2013-11-01,FL,2013,104.15021263133124,11
2013-12-01,FL,2013,104.2496944768151,12
2011-01-01,GA,2011,68.01704167030923,1
2011-02-01,GA,2011,67.8902690736941,2
2011-03-01,GA,2011,67.77576479288044,3
2011-04-01,GA,2011,67.64899219626531,4
2011-05-01,GA,2011,67.52630903825067,5
2011-06-01,GA,2011,67.39953644163555,6
2011-07-01,GA,2011,67.27685328362091,7
2011-08-01,GA,2011,67.15008068700578,8
2011-09-01,GA,2011,67.02330809039066,9
2011-10-01,GA,2011,66.90062493237602,10
2011-11-01,GA,2011,66.77385233576089,11
2011-12-01,GA,2011,66.65116917774625,12
2012-01-01,GA,2012,66.28470038061812,1
2012-02-01,GA,2012,65.91823158348998,2
2012-03-01,GA,2012,65.57540593456366,3
2012-04-01,GA,2012,65.20893713743553,4
2012-05-01,GA,2012,64.85428991440831,5
2012-06-01,GA,2012,64.48782111728018,6
2012-07-01,GA,2012,64.13317389425295,7
2012-08-01,GA,2012,63.76670509712481,8
2012-09-01,GA,2012,63.40023629999668,9
2012-10-01,GA,2012,63.04558907696945,10
2012-11-01,GA,2012,62.67912027984132,11
2012-12-01,GA,2012,62.32447305681409,12
2013-01-01,GA,2013,62.432046186709584,1
2013-02-01,GA,2013,62.53961931660508,2
2013-03-01,GA,2013,62.636782143607455,3
2013-04-01,GA,2013,62.74435527350295,4
2013-05-01,GA,2013,62.84845830243407,5
2013-06-01,GA,2013,62.95603143232956,6
2013-07-01,GA,2013,63.06013446126068,7
2013-08-01,GA,2013,63.16770759115617,8
2013-09-01,GA,2013,63.275280721051665,9
2013-10-01,GA,2013,63.379383749982786,10
2013-11-01,GA,2013,63.48695687987828,11
2013-12-01,GA,2013,63.5910599088094,12
2011-01-01,HI,2011,11.121572602695188,1
2011-02-01,HI,2011,11.144377416831375,2
2011-03-01,HI,2011,11.164975313470514,3
2011-04-01,HI,2011,11.1877801276067,4
2011-05-01,HI,2011,11.209849302577206,5
2011-06-01,HI,2011,11.232654116713393,6
2011-07-01,HI,2011,11.254723291683899,7
2011-08-01,HI,2011,11.277528105820085,8
2011-09-01,HI,2011,11.300332919956274,9
2011-10-01,HI,2011,11.322402094926778,10
2011-11-01,HI,2011,11.345206909062966,11
2011-12-01,HI,2011,11.36727608403347,12
2012-01-01,HI,2012,11.36978563381843,1
2012-02-01,HI,2012,11.37229518360339,2
2012-03-01,HI,2012,11.37464282695061,3
2012-04-01,HI,2012,11.37715237673557,4
2012-05-01,HI,2012,11.37958097330166,5
2012-06-01,HI,2012,11.382090523086621,6
2012-07-01,HI,2012,11.38451911965271,7
2012-08-01,HI,2012,11.38702866943767,8
2012-09-01,HI,2012,11.38953821922263,9
2012-10-01,HI,2012,11.39196681578872,10
2012-11-01,HI,2012,11.394476365573679,11
2012-12-01,HI,2012,11.39690496213977,12
2013-01-01,HI,2013,11.41516254680816,1
2013-02-01,HI,2013,11.433420131476552,2
2013-03-01,HI,2013,11.449910853112518,3
2013-04-01,HI,2013,11.468168437780909,4
2013-05-01,HI,2013,11.485837068105159,5
2013-06-01,HI,2013,11.50409465277355,6
2013-07-01,HI,2013,11.5217632830978,7
2013-08-01,HI,2013,11.54002086776619,8
2013-09-01,HI,2013,11.55827845243458,9
2013-10-01,HI,2013,11.57594708275883,10
2013-11-01,HI,2013,11.59420466742722,11
2013-12-01,HI,2013,11.61187329775147,12
2011-01-01,IA,2011,20.78818543674252,1
2011-02-01,IA,2011,20.792689880580536,2
2011-03-01,IA,2011,20.796758410498747,3
2011-04-01,IA,2011,20.801262854336766,4
2011-05-01,IA,2011,20.80562199353485,5
2011-06-01,IA,2011,20.81012643737287,6
2011-07-01,IA,2011,20.81448557657095,7
2011-08-01,IA,2011,20.818990020408968,8
2011-09-01,IA,2011,20.823494464246988,9
2011-10-01,IA,2011,20.82785360344507,10
2011-11-01,IA,2011,20.832358047283087,11
2011-12-01,IA,2011,20.83671718648117,12
2012-01-01,IA,2012,20.746232627967185,1
2012-02-01,IA,2012,20.6557480694532,2
2012-03-01,IA,2012,20.571101224391732,3
2012-04-01,IA,2012,20.480616665877747,4
2012-05-01,IA,2012,20.39305096409002,5
2012-06-01,IA,2012,20.302566405576037,6
2012-07-01,IA,2012,20.21500070378831,7
2012-08-01,IA,2012,20.124516145274324,8
2012-09-01,IA,2012,20.03403158676034,9
2012-10-01,IA,2012,19.94646588497261,10
2012-11-01,IA,2012,19.85598132645863,11
2012-12-01,IA,2012,19.7684156246709,12
2013-01-01,IA,2013,19.78526374165162,1
2013-02-01,IA,2013,19.802111858632333,2
2013-03-01,IA,2013,19.817329512679432,3
2013-04-01,IA,2013,19.83417762966015,4
2013-05-01,IA,2013,19.85048225899633,5
2013-06-01,IA,2013,19.867330375977044,6
2013-07-01,IA,2013,19.883635005313224,7
2013-08-01,IA,2013,19.90048312229394,8
2013-09-01,IA,2013,19.917331239274656,9
2013-10-01,IA,2013,19.933635868610835,10
2013-11-01,IA,2013,19.950483985591553,11
2013-12-01,IA,2013,19.96678861492773,12
2011-01-01,ID,2011,9.445759519496193,1
2011-02-01,ID,2011,9.405821124435422,2
2011-03-01,ID,2011,9.369747735348273,3
2011-04-01,ID,2011,9.329809340287504,4
2011-05-01,ID,2011,9.291159280551273,5
2011-06-01,ID,2011,9.251220885490502,6
2011-07-01,ID,2011,9.212570825754273,7
2011-08-01,ID,2011,9.172632430693502,8
2011-09-01,ID,2011,9.132694035632731,9
2011-10-01,ID,2011,9.0940439758965,10
2011-11-01,ID,2011,9.054105580835731,11
2011-12-01,ID,2011,9.0154555210995,12
2012-01-01,ID,2012,9.018327478675607,1
2012-02-01,ID,2012,9.021199436251711,2
2012-03-01,ID,2012,9.023886106242262,3
2012-04-01,ID,2012,9.026758063818367,4
2012-05-01,ID,2012,9.029537377601695,5
2012-06-01,ID,2012,9.0324093351778,6
2012-07-01,ID,2012,9.035188648961128,7
2012-08-01,ID,2012,9.038060606537234,8
2012-09-01,ID,2012,9.040932564113339,9
2012-10-01,ID,2012,9.043711877896667,10
2012-11-01,ID,2012,9.046583835472772,11
2012-12-01,ID,2012,9.0493631492561,12
2013-01-01,ID,2013,9.067239637073609,1
2013-02-01,ID,2013,9.085116124891117,2
2013-03-01,ID,2013,9.10126263001661,3
2013-04-01,ID,2013,9.119139117834118,4
2013-05-01,ID,2013,9.136438944754287,5
2013-06-01,ID,2013,9.154315432571797,6
2013-07-01,ID,2013,9.171615259491967,7
2013-08-01,ID,2013,9.189491747309475,8
2013-09-01,ID,2013,9.207368235126983,9
2013-10-01,ID,2013,9.224668062047154,10
2013-11-01,ID,2013,9.242544549864663,11
2013-12-01,ID,2013,9.259844376784832,12
2011-01-01,IL,2011,66.62630526672541,1
2011-02-01,IL,2011,66.56480121371996,2
2011-03-01,IL,2011,66.50924916584407,3
2011-04-01,IL,2011,66.44774511283862,4
2011-05-01,IL,2011,66.38822506154301,5
2011-06-01,IL,2011,66.32672100853756,6
2011-07-01,IL,2011,66.26720095724197,7
2011-08-01,IL,2011,66.20569690423652,8
2011-09-01,IL,2011,66.14419285123107,9
2011-10-01,IL,2011,66.08467279993546,10
2011-11-01,IL,2011,66.02316874693001,11
2011-12-01,IL,2011,65.96364869563442,12
2012-01-01,IL,2012,65.76015821857068,1
2012-02-01,IL,2012,65.55666774150694,2
2012-03-01,IL,2012,65.36630568231828,3
2012-04-01,IL,2012,65.16281520525455,4
2012-05-01,IL,2012,64.96588893712834,5
2012-06-01,IL,2012,64.7623984600646,6
2012-07-01,IL,2012,64.5654721919384,7
2012-08-01,IL,2012,64.36198171487466,8
2012-09-01,IL,2012,64.15849123781092,9
2012-10-01,IL,2012,63.96156496968472,10
2012-11-01,IL,2012,63.758074492620985,11
2012-12-01,IL,2012,63.56114822449479,12
2013-01-01,IL,2013,63.63158435875254,1
2013-02-01,IL,2013,63.7020204930103,2
2013-03-01,IL,2013,63.7656402271786,3
2013-04-01,IL,2013,63.836076361436355,4
2013-05-01,IL,2013,63.90424036233096,5
2013-06-01,IL,2013,63.97467649658872,6
2013-07-01,IL,2013,64.04284049748333,7
2013-08-01,IL,2013,64.11327663174109,8
2013-09-01,IL,2013,64.18371276599883,9
2013-10-01,IL,2013,64.25187676689345,10
2013-11-01,IL,2013,64.32231290115121,11
2013-12-01,IL,2013,64.3904769020458,12
2011-01-01,IN,2011,40.29390616701816,1
2011-02-01,IN,2011,40.23207398434105,2
2011-03-01,IN,2011,40.17622556127785,3
2011-04-01,IN,2011,40.11439337860074,4
2011-05-01,IN,2011,40.0545557824616,5
2011-06-01,IN,2011,39.99272359978449,6
2011-07-01,IN,2011,39.93288600364535,7
2011-08-01,IN,2011,39.871053820968235,8
2011-09-01,IN,2011,39.80922163829113,9
2011-10-01,IN,2011,39.74938404215199,10
2011-11-01,IN,2011,39.68755185947487,11
2011-12-01,IN,2011,39.62771426333573,12
2012-01-01,IN,2012,39.55215706404605,1
2012-02-01,IN,2012,39.47659986475636,2
2012-03-01,IN,2012,39.40591732348536,3
2012-04-01,IN,2012,39.33036012419568,4
2012-05-01,IN,2012,39.257240253915334,5
2012-06-01,IN,2012,39.181683054625644,6
2012-07-01,IN,2012,39.10856318434531,7
2012-08-01,IN,2012,39.03300598505562,8
2012-09-01,IN,2012,38.95744878576593,9
2012-10-01,IN,2012,38.88432891548559,10
2012-11-01,IN,2012,38.808771716195906,11
2012-12-01,IN,2012,38.73565184591556,12
2013-01-01,IN,2013,38.866089880552906,1
2013-02-01,IN,2013,38.99652791519024,2
2013-03-01,IN,2013,39.11434291421752,3
2013-04-01,IN,2013,39.24478094885486,4
2013-05-01,IN,2013,39.37101130495551,5
2013-06-01,IN,2013,39.50144933959285,6
2013-07-01,IN,2013,39.6276796956935,7
2013-08-01,IN,2013,39.758117730330845,8
2013-09-01,IN,2013,39.88855576496819,9
2013-10-01,IN,2013,40.01478612106884,10
2013-11-01,IN,2013,40.14522415570618,11
2013-12-01,IN,2013,40.27145451180683,12
2011-01-01,KS,2011,18.588233121099503,1
2011-02-01,KS,2011,18.5343524593856,2
2011-03-01,KS,2011,18.48568605525692,3
2011-04-01,KS,2011,18.431805393543023,4
2011-05-01,KS,2011,18.379662817690864,5
2011-06-01,KS,2011,18.325782155976967,6
2011-07-01,KS,2011,18.273639580124804,7
2011-08-01,KS,2011,18.219758918410907,8
2011-09-01,KS,2011,18.16587825669701,9
2011-10-01,KS,2011,18.113735680844847,10
2011-11-01,KS,2011,18.05985501913095,11
2011-12-01,KS,2011,18.00771244327879,12
2012-01-01,KS,2012,18.002116510654478,1
2012-02-01,KS,2012,17.996520578030164,2
2012-03-01,KS,2012,17.991285673317098,3
2012-04-01,KS,2012,17.985689740692784,4
2012-05-01,KS,2012,17.980274322024094,5
2012-06-01,KS,2012,17.97467838939978,6
2012-07-01,KS,2012,17.96926297073109,7
2012-08-01,KS,2012,17.963667038106777,8
2012-09-01,KS,2012,17.958071105482464,9
2012-10-01,KS,2012,17.952655686813774,10
2012-11-01,KS,2012,17.94705975418946,11
2012-12-01,KS,2012,17.94164433552077,12
2013-01-01,KS,2013,18.028050113062136,1
2013-02-01,KS,2013,18.114455890603505,2
2013-03-01,KS,2013,18.192499818705382,3
2013-04-01,KS,2013,18.278905596246748,4
2013-05-01,KS,2013,18.36252409064162,5
2013-06-01,KS,2013,18.448929868182987,6
2013-07-01,KS,2013,18.532548362577856,7
2013-08-01,KS,2013,18.618954140119225,8
2013-09-01,KS,2013,18.70535991766059,9
2013-10-01,KS,2013,18.78897841205546,10
2013-11-01,KS,2013,18.87538418959683,11
2013-12-01,KS,2013,18.9590026839917,12
2011-01-01,KY,2011,32.233160103210004,1
2011-02-01,KY,2011,32.201841701863174,2
2011-03-01,KY,2011,32.17355411354991,3
2011-04-01,KY,2011,32.14223571220309,4
2011-05-01,KY,2011,32.11192758186745,5
2011-06-01,KY,2011,32.080609180520625,6
2011-07-01,KY,2011,32.050301050184984,7
2011-08-01,KY,2011,32.01898264883816,8
2011-09-01,KY,2011,31.98766424749133,9
2011-10-01,KY,2011,31.957356117155694,10
2011-11-01,KY,2011,31.926037715808867,11
2011-12-01,KY,2011,31.89572958547323,12
2012-01-01,KY,2012,31.80143991853505,1
2012-02-01,KY,2012,31.707150251596868,2
2012-03-01,KY,2012,31.61894378897728,3
2012-04-01,KY,2012,31.5246541220391,4
2012-05-01,KY,2012,31.433406057260214,5
2012-06-01,KY,2012,31.339116390322033,6
2012-07-01,KY,2012,31.247868325543152,7
2012-08-01,KY,2012,31.15357865860497,8
2012-09-01,KY,2012,31.05928899166679,9
2012-10-01,KY,2012,30.968040926887905,10
2012-11-01,KY,2012,30.873751259949724,11
2012-12-01,KY,2012,30.78250319517084,12
2013-01-01,KY,2013,30.759363214057394,1
2013-02-01,KY,2013,30.736223232943946,2
2013-03-01,KY,2013,30.71532260484148,3
2013-04-01,KY,2013,30.692182623728034,4
2013-05-01,KY,2013,30.669789093618245,5
2013-06-01,KY,2013,30.6466491125048,6
2013-07-01,KY,2013,30.624255582395012,7
2013-08-01,KY,2013,30.601115601281567,8
2013-09-01,KY,2013,30.57797562016812,9
2013-10-01,KY,2013,30.555582090058333,10
2013-11-01,KY,2013,30.53244210894489,11
2013-12-01,KY,2013,30.5100485788351,12
2011-01-01,LA,2011,42.09464221772228,1
2011-02-01,LA,2011,42.16676118547979,2
2011-03-01,LA,2011,42.23190089829303,3
2011-04-01,LA,2011,42.30401986605054,4
2011-05-01,LA,2011,42.37381241549329,5
2011-06-01,LA,2011,42.44593138325081,6
2011-07-01,LA,2011,42.51572393269356,7
2011-08-01,LA,2011,42.58784290045107,8
2011-09-01,LA,2011,42.65996186820858,9
2011-10-01,LA,2011,42.729754417651336,10
2011-11-01,LA,2011,42.80187338540885,11
2011-12-01,LA,2011,42.8716659348516,12
2012-01-01,LA,2012,42.52698892244609,1
2012-02-01,LA,2012,42.182311910040575,2
2012-03-01,LA,2012,41.85987212424187,3
2012-04-01,LA,2012,41.515195111836356,4
2012-05-01,LA,2012,41.181636712734246,5
2012-06-01,LA,2012,40.836959700328734,6
2012-07-01,LA,2012,40.503401301226624,7
2012-08-01,LA,2012,40.15872428882111,8
2012-09-01,LA,2012,39.8140472764156,9
2012-10-01,LA,2012,39.48048887731349,10
2012-11-01,LA,2012,39.13581186490798,11
2012-12-01,LA,2012,38.80225346580587,12
2013-01-01,LA,2013,38.69334261050464,1
2013-02-01,LA,2013,38.58443175520341,2
2013-03-01,LA,2013,38.48606066009262,3
2013-04-01,LA,2013,38.37714980479139,4
2013-05-01,LA,2013,38.27175220288697,5
2013-06-01,LA,2013,38.16284134758574,6
2013-07-01,LA,2013,38.057443745681326,7
2013-08-01,LA,2013,37.94853289038009,8
2013-09-01,LA,2013,37.83962203507886,9
2013-10-01,LA,2013,37.73422443317445,10
2013-11-01,LA,2013,37.625313577873214,11
2013-12-01,LA,2013,37.5199159759688,12
2011-01-01,MA,2011,30.617570043868746,1
2011-02-01,MA,2011,30.614654734788424,2
2011-03-01,MA,2011,30.61202155239329,3
2011-04-01,MA,2011,30.609106243312965,4
2011-05-01,MA,2011,30.60628497646104,5
2011-06-01,MA,2011,30.603369667380715,6
2011-07-01,MA,2011,30.600548400528787,7
2011-08-01,MA,2011,30.597633091448465,8
2011-09-01,MA,2011,30.59471778236814,9
2011-10-01,MA,2011,30.59189651551621,10
2011-11-01,MA,2011,30.58898120643589,11
2011-12-01,MA,2011,30.58615993958396,12
2012-01-01,MA,2012,30.534725632016468,1
2012-02-01,MA,2012,30.483291324448974,2
2012-03-01,MA,2012,30.435175359305187,3
2012-04-01,MA,2012,30.383741051737694,4
2012-05-01,MA,2012,30.333965915382056,5
2012-06-01,MA,2012,30.282531607814562,6
2012-07-01,MA,2012,30.23275647145892,7
2012-08-01,MA,2012,30.181322163891426,8
2012-09-01,MA,2012,30.129887856323933,9
2012-10-01,MA,2012,30.08011271996829,10
2012-11-01,MA,2012,30.028678412400797,11
2012-12-01,MA,2012,29.97890327604516,12
2013-01-01,MA,2013,30.07475545999378,1
2013-02-01,MA,2013,30.1706076439424,2
2013-03-01,MA,2013,30.257183810089543,3
2013-04-01,MA,2013,30.353035994038166,4
2013-05-01,MA,2013,30.445796172052958,5
2013-06-01,MA,2013,30.54164835600158,6
2013-07-01,MA,2013,30.634408534016377,7
2013-08-01,MA,2013,30.730260717964995,8
2013-09-01,MA,2013,30.826112901913618,9
2013-10-01,MA,2013,30.918873079928414,10
2013-11-01,MA,2013,31.014725263877033,11
2013-12-01,MA,2013,31.10748544189183,12
2011-01-01,MD,2011,30.597977768406096,1
2011-02-01,MD,2011,30.52024962299622,2
2011-03-01,MD,2011,30.4500435561744,3
2011-04-01,MD,2011,30.372315410764525,4
2011-05-01,MD,2011,30.297094624884,5
2011-06-01,MD,2011,30.219366479474125,6
2011-07-01,MD,2011,30.1441456935936,7
2011-08-01,MD,2011,30.066417548183725,8
2011-09-01,MD,2011,29.98868940277385,9
2011-10-01,MD,2011,29.91346861689333,10
2011-11-01,MD,2011,29.835740471483454,11
2011-12-01,MD,2011,29.76051968560293,12
2012-01-01,MD,2012,29.75118687307528,1
2012-02-01,MD,2012,29.741854060547627,2
2012-03-01,MD,2012,29.733123364957248,3
2012-04-01,MD,2012,29.723790552429595,4
2012-05-01,MD,2012,29.71475879837058,5
2012-06-01,MD,2012,29.70542598584293,6
2012-07-01,MD,2012,29.696394231783913,7
2012-08-01,MD,2012,29.687061419256263,8
2012-09-01,MD,2012,29.67772860672861,9
2012-10-01,MD,2012,29.668696852669594,10
2012-11-01,MD,2012,29.659364040141945,11
2012-12-01,MD,2012,29.65033228608293,12
2013-01-01,MD,2013,29.658595001440045,1
2013-02-01,MD,2013,29.666857716797157,2
2013-03-01,MD,2013,29.67432081453907,3
2013-04-01,MD,2013,29.682583529896185,4
2013-05-01,MD,2013,29.69057970604823,5
2013-06-01,MD,2013,29.698842421405345,6
2013-07-01,MD,2013,29.706838597557393,7
2013-08-01,MD,2013,29.715101312914506,8
2013-09-01,MD,2013,29.72336402827162,9
2013-10-01,MD,2013,29.73136020442367,10
2013-11-01,MD,2013,29.739622919780782,11
2013-12-01,MD,2013,29.74761909593283,12
2011-01-01,ME,2011,8.077908708286326,1
2011-02-01,ME,2011,8.073265932411287,2
2011-03-01,ME,2011,8.06907245742738,3
2011-04-01,ME,2011,8.06442968155234,4
2011-05-01,ME,2011,8.059936672641012,5
2011-06-01,ME,2011,8.055293896765972,6
2011-07-01,ME,2011,8.050800887854644,7
2011-08-01,ME,2011,8.046158111979603,8
2011-09-01,ME,2011,8.041515336104563,9
2011-10-01,ME,2011,8.037022327193235,10
2011-11-01,ME,2011,8.032379551318195,11
2011-12-01,ME,2011,8.027886542406867,12
2012-01-01,ME,2012,7.996507756524662,1
2012-02-01,ME,2012,7.965128970642457,2
2012-03-01,ME,2012,7.935774622559105,3
2012-04-01,ME,2012,7.9043958366769,4
2012-05-01,ME,2012,7.874029269694121,5
2012-06-01,ME,2012,7.8426504838119175,6
2012-07-01,ME,2012,7.812283916829139,7
2012-08-01,ME,2012,7.780905130946934,8
2012-09-01,ME,2012,7.749526345064729,9
2012-10-01,ME,2012,7.71915977808195,10
2012-11-01,ME,2012,7.687780992199746,11
2012-12-01,ME,2012,7.657414425216968,12
2013-01-01,ME,2013,7.729229621647611,1
2013-02-01,ME,2013,7.801044818078254,2
2013-03-01,ME,2013,7.865910156789803,3
2013-04-01,ME,2013,7.937725353220446,4
2013-05-01,ME,2013,8.007223930411392,5
2013-06-01,ME,2013,8.079039126842035,6
2013-07-01,ME,2013,8.14853770403298,7
2013-08-01,ME,2013,8.220352900463624,8
2013-09-01,ME,2013,8.292168096894267,9
2013-10-01,ME,2013,8.361666674085212,10
2013-11-01,ME,2013,8.433481870515855,11
2013-12-01,ME,2013,8.5029804477068,12
2011-01-01,MI,2011,50.308053701889506,1
2011-02-01,MI,2011,50.21932256446527,2
2011-03-01,MI,2011,50.13917831130791,3
2011-04-01,MI,2011,50.050447173883676,4
2011-05-01,MI,2011,49.964578331215066,5
2011-06-01,MI,2011,49.87584719379083,6
2011-07-01,MI,2011,49.78997835112222,7
2011-08-01,MI,2011,49.70124721369799,8
2011-09-01,MI,2011,49.61251607627376,9
2011-10-01,MI,2011,49.526647233605146,10
2011-11-01,MI,2011,49.43791609618091,11
2011-12-01,MI,2011,49.3520472535123,12
2012-01-01,MI,2012,49.27099904576203,1
2012-02-01,MI,2012,49.18995083801176,2
2012-03-01,MI,2012,49.11413154689054,3
2012-04-01,MI,2012,49.03308333914027,4
2012-05-01,MI,2012,48.95464958970452,5
2012-06-01,MI,2012,48.87360138195425,6
2012-07-01,MI,2012,48.795167632518506,7
2012-08-01,MI,2012,48.714119424768235,8
2012-09-01,MI,2012,48.633071217017964,9
2012-10-01,MI,2012,48.55463746758222,10
2012-11-01,MI,2012,48.47358925983195,11
2012-12-01,MI,2012,48.3951555103962,12
2013-01-01,MI,2013,48.550717181155946,1
2013-02-01,MI,2013,48.70627885191569,2
2013-03-01,MI,2013,48.84678616744062,3
2013-04-01,MI,2013,49.002347838200365,4
2013-05-01,MI,2013,49.152891390548504,5
2013-06-01,MI,2013,49.30845306130825,6
2013-07-01,MI,2013,49.45899661365639,7
2013-08-01,MI,2013,49.614558284416134,8
2013-09-01,MI,2013,49.77011995517588,9
2013-10-01,MI,2013,49.92066350752402,10
2013-11-01,MI,2013,50.076225178283764,11
2013-12-01,MI,2013,50.2267687306319,12
2011-01-01,MN,2011,31.035615854647155,1
2011-02-01,MN,2011,30.984213891703778,2
2011-03-01,MN,2011,30.93778631227105,3
2011-04-01,MN,2011,30.886384349327678,4
2011-05-01,MN,2011,30.836640514221184,5
2011-06-01,MN,2011,30.785238551277807,6
2011-07-01,MN,2011,30.735494716171313,7
2011-08-01,MN,2011,30.684092753227937,8
2011-09-01,MN,2011,30.632690790284563,9
2011-10-01,MN,2011,30.58294695517807,10
2011-11-01,MN,2011,30.531544992234693,11
2011-12-01,MN,2011,30.4818011571282,12
2012-01-01,MN,2012,30.524483553850896,1
2012-02-01,MN,2012,30.56716595057359,2
2012-03-01,MN,2012,30.60709464428192,3
2012-04-01,MN,2012,30.64977704100461,4
2012-05-01,MN,2012,30.691082586220123,5
2012-06-01,MN,2012,30.73376498294282,6
2012-07-01,MN,2012,30.77507052815833,7
2012-08-01,MN,2012,30.817752924881027,8
2012-09-01,MN,2012,30.86043532160372,9
2012-10-01,MN,2012,30.90174086681923,10
2012-11-01,MN,2012,30.94442326354193,11
2012-12-01,MN,2012,30.98572880875744,12
2013-01-01,MN,2013,30.99175861162978,1
2013-02-01,MN,2013,30.99778841450212,2
2013-03-01,MN,2013,31.003234688064236,3
2013-04-01,MN,2013,31.009264490936577,4
2013-05-01,MN,2013,31.015099784038842,5
2013-06-01,MN,2013,31.021129586911183,6
2013-07-01,MN,2013,31.02696488001345,7
2013-08-01,MN,2013,31.03299468288579,8
2013-09-01,MN,2013,31.03902448575813,9
2013-10-01,MN,2013,31.044859778860395,10
2013-11-01,MN,2013,31.050889581732736,11
2013-12-01,MN,2013,31.056724874835,12
2011-01-01,MO,2011,39.413680759405764,1
2011-02-01,MO,2011,39.32809122116429,2
2011-03-01,MO,2011,39.25078454146232,3
2011-04-01,MO,2011,39.16519500322086,4
2011-05-01,MO,2011,39.08236641782589,5
2011-06-01,MO,2011,38.996776879584424,6
2011-07-01,MO,2011,38.91394829418945,7
2011-08-01,MO,2011,38.82835875594799,8
2011-09-01,MO,2011,38.742769217706524,9
2011-10-01,MO,2011,38.65994063231155,10
2011-11-01,MO,2011,38.57435109407009,11
2011-12-01,MO,2011,38.49152250867512,12
2012-01-01,MO,2012,38.37825400847577,1
2012-02-01,MO,2012,38.264985508276425,2
2012-03-01,MO,2012,38.15902465325124,3
2012-04-01,MO,2012,38.04575615305189,4
2012-05-01,MO,2012,37.93614147543962,5
2012-06-01,MO,2012,37.82287297524027,6
2012-07-01,MO,2012,37.713258297628,7
2012-08-01,MO,2012,37.599989797428655,8
2012-09-01,MO,2012,37.48672129722931,9
2012-10-01,MO,2012,37.377106619617045,10
2012-11-01,MO,2012,37.2638381194177,11
2012-12-01,MO,2012,37.15422344180543,12
2013-01-01,MO,2013,37.16286309097089,1
2013-02-01,MO,2013,37.17150274013635,2
2013-03-01,MO,2013,37.17930629422128,3
2013-04-01,MO,2013,37.18794594338674,4
2013-05-01,MO,2013,37.19630689419202,5
2013-06-01,MO,2013,37.20494654335748,6
2013-07-01,MO,2013,37.213307494162756,7
2013-08-01,MO,2013,37.221947143328215,8
2013-09-01,MO,2013,37.230586792493675,9
2013-10-01,MO,2013,37.23894774329896,10
2013-11-01,MO,2013,37.24758739246442,11
2013-12-01,MO,2013,37.2559483432697,12
2011-01-01,MS,2011,22.508882314967256,1
2011-02-01,MS,2011,22.441822720478783,2
2011-03-01,MS,2011,22.381252764166614,3
2011-04-01,MS,2011,22.31419316967814,4
2011-05-01,MS,2011,22.249296787915103,5
2011-06-01,MS,2011,22.18223719342663,6
2011-07-01,MS,2011,22.117340811663592,7
2011-08-01,MS,2011,22.050281217175122,8
2011-09-01,MS,2011,21.98322162268665,9
2011-10-01,MS,2011,21.91832524092361,10
2011-11-01,MS,2011,21.851265646435138,11
2011-12-01,MS,2011,21.7863692646721,12
2012-01-01,MS,2012,21.91169334442648,1
2012-02-01,MS,2012,22.037017424180863,2
2012-03-01,MS,2012,22.154256079434962,3
2012-04-01,MS,2012,22.279580159189344,4
2012-05-01,MS,2012,22.400861526693586,5
2012-06-01,MS,2012,22.526185606447967,6
2012-07-01,MS,2012,22.647466973952206,7
2012-08-01,MS,2012,22.772791053706587,8
2012-09-01,MS,2012,22.89811513346097,9
2012-10-01,MS,2012,23.019396500965208,10
2012-11-01,MS,2012,23.14472058071959,11
2012-12-01,MS,2012,23.26600194822383,12
2013-01-01,MS,2013,23.090645768625667,1
2013-02-01,MS,2013,22.915289589027505,2
2013-03-01,MS,2013,22.75690336229368,3
2013-04-01,MS,2013,22.581547182695516,4
2013-05-01,MS,2013,22.411847654052135,5
2013-06-01,MS,2013,22.23649147445397,6
2013-07-01,MS,2013,22.066791945810586,7
2013-08-01,MS,2013,21.891435766212425,8
2013-09-01,MS,2013,21.71607958661426,9
2013-10-01,MS,2013,21.546380057970875,10
2013-11-01,MS,2013,21.371023878372714,11
2013-12-01,MS,2013,21.20132434972933,12
2011-01-01,MT,2011,8.096114323319336,1
2011-02-01,MT,2011,8.095933063783706,2
2011-03-01,MT,2011,8.095769345493459,3
2011-04-01,MT,2011,8.095588085957829,4
2011-05-01,MT,2011,8.095412673503994,5
2011-06-01,MT,2011,8.095231413968362,6
2011-07-01,MT,2011,8.095056001514527,7
2011-08-01,MT,2011,8.094874741978897,8
2011-09-01,MT,2011,8.094693482443267,9
2011-10-01,MT,2011,8.09451806998943,10
2011-11-01,MT,2011,8.0943368104538,11
2011-12-01,MT,2011,8.094161397999965,12
2012-01-01,MT,2012,8.073182326821376,1
2012-02-01,MT,2012,8.052203255642787,2
2012-03-01,MT,2012,8.032577672927333,3
2012-04-01,MT,2012,8.011598601748743,4
2012-05-01,MT,2012,7.991296274801721,5
2012-06-01,MT,2012,7.970317203623132,6
2012-07-01,MT,2012,7.950014876676111,7
2012-08-01,MT,2012,7.929035805497521,8
2012-09-01,MT,2012,7.908056734318932,9
2012-10-01,MT,2012,7.887754407371911,10
2012-11-01,MT,2012,7.866775336193321,11
2012-12-01,MT,2012,7.846473009246299,12
2013-01-01,MT,2013,7.854756008286297,1
2013-02-01,MT,2013,7.863039007326294,2
2013-03-01,MT,2013,7.870520425814034,3
2013-04-01,MT,2013,7.878803424854031,4
2013-05-01,MT,2013,7.8868192303766085,5
2013-06-01,MT,2013,7.895102229416606,6
2013-07-01,MT,2013,7.903118034939184,7
2013-08-01,MT,2013,7.911401033979182,8
2013-09-01,MT,2013,7.919684033019179,9
2013-10-01,MT,2013,7.9276998385417565,10
2013-11-01,MT,2013,7.935982837581754,11
2013-12-01,MT,2013,7.943998643104332,12
2011-01-01,NC,2011,52.06257791926104,1
2011-02-01,NC,2011,51.92952451482504,2
2011-03-01,NC,2011,51.809347246302195,3
2011-04-01,NC,2011,51.6762938418662,4
2011-05-01,NC,2011,51.54753248273458,5
2011-06-01,NC,2011,51.41447907829858,6
2011-07-01,NC,2011,51.28571771916697,7
2011-08-01,NC,2011,51.15266431473096,8
2011-09-01,NC,2011,51.01961091029496,9
2011-10-01,NC,2011,50.89084955116334,10
2011-11-01,NC,2011,50.757796146727344,11
2011-12-01,NC,2011,50.62903478759573,12
2012-01-01,NC,2012,50.48783890999118,1
2012-02-01,NC,2012,50.34664303238663,2
2012-03-01,NC,2012,50.21455656624045,3
2012-04-01,NC,2012,50.073360688635894,4
2012-05-01,NC,2012,49.936719516760526,5
2012-06-01,NC,2012,49.79552363915598,6
2012-07-01,NC,2012,49.65888246728061,7
2012-08-01,NC,2012,49.51768658967607,8
2012-09-01,NC,2012,49.376490712071515,9
2012-10-01,NC,2012,49.23984954019615,10
2012-11-01,NC,2012,49.0986536625916,11
2012-12-01,NC,2012,48.96201249071623,12
2013-01-01,NC,2013,49.065765912789665,1
2013-02-01,NC,2013,49.1695193348631,2
2013-03-01,NC,2013,49.26323210318749,3
2013-04-01,NC,2013,49.36698552526092,4
2013-05-01,NC,2013,49.467392062751344,5
2013-06-01,NC,2013,49.571145484824775,6
2013-07-01,NC,2013,49.67155202231519,7
2013-08-01,NC,2013,49.77530544438862,8
2013-09-01,NC,2013,49.87905886646206,9
2013-10-01,NC,2013,49.979465403952474,10
2013-11-01,NC,2013,50.083218826025906,11
2013-12-01,NC,2013,50.18362536351633,12
2011-01-01,ND,2011,6.803962332382721,1
2011-02-01,ND,2011,6.892932375801875,2
2011-03-01,ND,2011,6.973292415019176,3
2011-04-01,ND,2011,7.062262458438331,4
2011-05-01,ND,2011,7.1483625004568685,5
2011-06-01,ND,2011,7.237332543876024,6
2011-07-01,ND,2011,7.32343258589456,7
2011-08-01,ND,2011,7.412402629313715,8
2011-09-01,ND,2011,7.50137267273287,9
2011-10-01,ND,2011,7.5874727147514065,10
2011-11-01,ND,2011,7.676442758170562,11
2011-12-01,ND,2011,7.762542800189099,12
2012-01-01,ND,2012,7.8512820727989805,1
2012-02-01,ND,2012,7.940021345408863,2
2012-03-01,ND,2012,8.023035503656818,3
2012-04-01,ND,2012,8.1117747762667,4
2012-05-01,ND,2012,8.197651491695618,5
2012-06-01,ND,2012,8.2863907643055,6
2012-07-01,ND,2012,8.372267479734418,7
2012-08-01,ND,2012,8.4610067523443,8
2012-09-01,ND,2012,8.549746024954182,9
2012-10-01,ND,2012,8.6356227403831,10
2012-11-01,ND,2012,8.724362012992982,11
2012-12-01,ND,2012,8.8102387284219,12
2013-01-01,ND,2013,8.836262819671084,1
2013-02-01,ND,2013,8.862286910920266,2
2013-03-01,ND,2013,8.88579254172598,3
2013-04-01,ND,2013,8.911816632975164,4
2013-05-01,ND,2013,8.937001237409858,5
2013-06-01,ND,2013,8.96302532865904,6
2013-07-01,ND,2013,8.988209933093733,7
2013-08-01,ND,2013,9.014234024342915,8
2013-09-01,ND,2013,9.0402581155921,9
2013-10-01,ND,2013,9.065442720026793,10
2013-11-01,ND,2013,9.091466811275975,11
2013-12-01,ND,2013,9.116651415710669,12
2011-01-01,NE,2011,14.300553355737971,1
2011-02-01,NE,2011,14.250114820276243,2
2011-03-01,NE,2011,14.204557433407587,3
2011-04-01,NE,2011,14.154118897945859,4
2011-05-01,NE,2011,14.105307412015154,5
2011-06-01,NE,2011,14.054868876553426,6
2011-07-01,NE,2011,14.006057390622722,7
2011-08-01,NE,2011,13.955618855160994,8
2011-09-01,NE,2011,13.905180319699266,9
2011-10-01,NE,2011,13.856368833768562,10
2011-11-01,NE,2011,13.805930298306833,11
2011-12-01,NE,2011,13.75711881237613,12
2012-01-01,NE,2012,13.716698468381793,1
2012-02-01,NE,2012,13.676278124387457,2
2012-03-01,NE,2012,13.638465544521788,3
2012-04-01,NE,2012,13.598045200527453,4
2012-05-01,NE,2012,13.55892873859745,5
2012-06-01,NE,2012,13.518508394603115,6
2012-07-01,NE,2012,13.479391932673112,7
2012-08-01,NE,2012,13.438971588678776,8
2012-09-01,NE,2012,13.398551244684441,9
2012-10-01,NE,2012,13.359434782754438,10
2012-11-01,NE,2012,13.319014438760101,11
2012-12-01,NE,2012,13.2798979768301,12
2013-01-01,NE,2013,13.27579993085289,1
2013-02-01,NE,2013,13.271701884875679,2
2013-03-01,NE,2013,13.268000423993035,3
2013-04-01,NE,2013,13.263902378015825,4
2013-05-01,NE,2013,13.259936527070137,5
2013-06-01,NE,2013,13.255838481092926,6
2013-07-01,NE,2013,13.251872630147238,7
2013-08-01,NE,2013,13.247774584170028,8
2013-09-01,NE,2013,13.243676538192817,9
2013-10-01,NE,2013,13.239710687247129,10
2013-11-01,NE,2013,13.235612641269919,11
2013-12-01,NE,2013,13.23164679032423,12
2011-01-01,NH,2011,7.068438020994382,1
2011-02-01,NH,2011,7.05332322216213,2
2011-03-01,NH,2011,7.039671145797516,3
2011-04-01,NH,2011,7.024556346965263,4
2011-05-01,NH,2011,7.009929122288891,5
2011-06-01,NH,2011,6.994814323456639,6
2011-07-01,NH,2011,6.9801870987802666,7
2011-08-01,NH,2011,6.965072299948015,8
2011-09-01,NH,2011,6.949957501115763,9
2011-10-01,NH,2011,6.93533027643939,10
2011-11-01,NH,2011,6.9202154776071385,11
2011-12-01,NH,2011,6.905588252930766,12
2012-01-01,NH,2012,6.890615855206606,1
2012-02-01,NH,2012,6.875643457482447,2
2012-03-01,NH,2012,6.861637020901782,3
2012-04-01,NH,2012,6.846664623177622,4
2012-05-01,NH,2012,6.83217520602521,5
2012-06-01,NH,2012,6.817202808301049,6
2012-07-01,NH,2012,6.802713391148637,7
2012-08-01,NH,2012,6.787740993424477,8
2012-09-01,NH,2012,6.772768595700318,9
2012-10-01,NH,2012,6.758279178547905,10
2012-11-01,NH,2012,6.743306780823746,11
2012-12-01,NH,2012,6.728817363671333,12
2013-01-01,NH,2013,6.731079382258099,1
2013-02-01,NH,2013,6.733341400844865,2
2013-03-01,NH,2013,6.735384514407106,3
2013-04-01,NH,2013,6.737646532993872,4
2013-05-01,NH,2013,6.739835583239129,5
2013-06-01,NH,2013,6.742097601825896,6
2013-07-01,NH,2013,6.744286652071153,7
2013-08-01,NH,2013,6.746548670657919,8
2013-09-01,NH,2013,6.748810689244685,9
2013-10-01,NH,2013,6.750999739489943,10
2013-11-01,NH,2013,6.753261758076709,11
2013-12-01,NH,2013,6.755450808321966,12
2011-01-01,NJ,2011,53.54634919935482,1
2011-02-01,NJ,2011,53.563406707495126,2
2011-03-01,NJ,2011,53.57881348904121,3
2011-04-01,NJ,2011,53.595870997181514,4
2011-05-01,NJ,2011,53.61237826312374,5
2011-06-01,NJ,2011,53.62943577126404,6
2011-07-01,NJ,2011,53.64594303720627,7
2011-08-01,NJ,2011,53.66300054534658,8
2011-09-01,NJ,2011,53.68005805348688,9
2011-10-01,NJ,2011,53.69656531942911,10
2011-11-01,NJ,2011,53.71362282756942,11
2011-12-01,NJ,2011,53.73013009351165,12
2012-01-01,NJ,2012,53.51321174115761,1
2012-02-01,NJ,2012,53.29629338880357,2
2012-03-01,NJ,2012,53.09336976885947,3
2012-04-01,NJ,2012,52.87645141650543,4
2012-05-01,NJ,2012,52.66653043035636,5
2012-06-01,NJ,2012,52.449612078002325,6
2012-07-01,NJ,2012,52.23969109185325,7
2012-08-01,NJ,2012,52.02277273949922,8
2012-09-01,NJ,2012,51.80585438714518,9
2012-10-01,NJ,2012,51.59593340099611,10
2012-11-01,NJ,2012,51.379015048642074,11
2012-12-01,NJ,2012,51.169094062493,12
2013-01-01,NJ,2013,51.16654276558632,1
2013-02-01,NJ,2013,51.16399146867964,2
2013-03-01,NJ,2013,51.1616870714736,3
2013-04-01,NJ,2013,51.15913577456692,4
2013-05-01,NJ,2013,51.15666677756045,5
2013-06-01,NJ,2013,51.15411548065377,6
2013-07-01,NJ,2013,51.151646483647305,7
2013-08-01,NJ,2013,51.149095186740624,8
2013-09-01,NJ,2013,51.14654388983394,9
2013-10-01,NJ,2013,51.144074892827476,10
2013-11-01,NJ,2013,51.141523595920795,11
2013-12-01,NJ,2013,51.13905459891433,12
2011-01-01,NM,2011,13.363410961844252,1
2011-02-01,NM,2011,13.394150787137075,2
2011-03-01,NM,2011,13.421915790627367,3
2011-04-01,NM,2011,13.45265561592019,4
2011-05-01,NM,2011,13.482403833945503,5
2011-06-01,NM,2011,13.513143659238324,6
2011-07-01,NM,2011,13.542891877263637,7
2011-08-01,NM,2011,13.57363170255646,8
2011-09-01,NM,2011,13.604371527849283,9
2011-10-01,NM,2011,13.634119745874594,10
2011-11-01,NM,2011,13.664859571167417,11
2011-12-01,NM,2011,13.69460778919273,12
2012-01-01,NM,2012,13.69614222655985,1
2012-02-01,NM,2012,13.697676663926972,2
2012-03-01,NM,2012,13.699112105334923,3
2012-04-01,NM,2012,13.700646542702044,4
2012-05-01,NM,2012,13.70213148208958,5
2012-06-01,NM,2012,13.7036659194567,6
2012-07-01,NM,2012,13.705150858844236,7
2012-08-01,NM,2012,13.706685296211356,8
2012-09-01,NM,2012,13.708219733578478,9
2012-10-01,NM,2012,13.709704672966014,10
2012-11-01,NM,2012,13.711239110333134,11
2012-12-01,NM,2012,13.71272404972067,12
2013-01-01,NM,2013,13.711682622449697,1
2013-02-01,NM,2013,13.710641195178724,2
2013-03-01,NM,2013,13.709700551192038,3
2013-04-01,NM,2013,13.708659123921064,4
2013-05-01,NM,2013,13.707651291078186,5
2013-06-01,NM,2013,13.706609863807213,6
2013-07-01,NM,2013,13.705602030964334,7
2013-08-01,NM,2013,13.704560603693361,8
2013-09-01,NM,2013,13.703519176422388,9
2013-10-01,NM,2013,13.702511343579511,10
2013-11-01,NM,2013,13.701469916308536,11
2013-12-01,NM,2013,13.70046208346566,12
2011-01-01,NV,2011,17.5308018700691,1
2011-02-01,NV,2011,17.4989684789672,2
2011-03-01,NV,2011,17.470215738617096,3
2011-04-01,NV,2011,17.438382347515198,4
2011-05-01,NV,2011,17.40757583999723,5
2011-06-01,NV,2011,17.37574244889533,6
2011-07-01,NV,2011,17.34493594137736,7
2011-08-01,NV,2011,17.313102550275463,8
2011-09-01,NV,2011,17.281269159173565,9
2011-10-01,NV,2011,17.250462651655596,10
2011-11-01,NV,2011,17.218629260553698,11
2011-12-01,NV,2011,17.18782275303573,12
2012-01-01,NV,2012,17.181910795297533,1
2012-02-01,NV,2012,17.175998837559337,2
2012-03-01,NV,2012,17.170468296449414,3
2012-04-01,NV,2012,17.16455633871122,4
2012-05-01,NV,2012,17.15883508928716,5
2012-06-01,NV,2012,17.152923131548967,6
2012-07-01,NV,2012,17.147201882124904,7
2012-08-01,NV,2012,17.14128992438671,8
2012-09-01,NV,2012,17.135377966648516,9
2012-10-01,NV,2012,17.129656717224456,10
2012-11-01,NV,2012,17.12374475948626,11
2012-12-01,NV,2012,17.1180235100622,12
2013-01-01,NV,2013,17.141673919437498,1
2013-02-01,NV,2013,17.165324328812794,2
2013-03-01,NV,2013,17.186685988893707,3
2013-04-01,NV,2013,17.210336398269003,4
2013-05-01,NV,2013,17.233223891212837,5
2013-06-01,NV,2013,17.256874300588134,6
2013-07-01,NV,2013,17.279761793531968,7
2013-08-01,NV,2013,17.303412202907264,8
2013-09-01,NV,2013,17.32706261228256,9
2013-10-01,NV,2013,17.349950105226398,10
2013-11-01,NV,2013,17.373600514601694,11
2013-12-01,NV,2013,17.39648800754553,12
2011-01-01,NY,2011,80.73320269882494,1
2011-02-01,NY,2011,80.28317304179055,2
2011-03-01,NY,2011,79.8766946418885,3
2011-04-01,NY,2011,79.42666498485411,4
2011-05-01,NY,2011,78.99115241353051,5
2011-06-01,NY,2011,78.54112275649612,6
2011-07-01,NY,2011,78.10561018517251,7
2011-08-01,NY,2011,77.65558052813812,8
2011-09-01,NY,2011,77.20555087110372,9
2011-10-01,NY,2011,76.77003829978013,10
2011-11-01,NY,2011,76.32000864274573,11
2011-12-01,NY,2011,75.88449607142212,12
2012-01-01,NY,2012,75.73603274908832,1
2012-02-01,NY,2012,75.58756942675453,2
2012-03-01,NY,2012,75.44868438328096,3
2012-04-01,NY,2012,75.30022106094717,4
2012-05-01,NY,2012,75.1565468780435,5
2012-06-01,NY,2012,75.0080835557097,6
2012-07-01,NY,2012,74.86440937280602,7
2012-08-01,NY,2012,74.71594605047223,8
2012-09-01,NY,2012,74.56748272813843,9
2012-10-01,NY,2012,74.42380854523475,10
2012-11-01,NY,2012,74.27534522290095,11
2012-12-01,NY,2012,74.13167103999727,12
2013-01-01,NY,2013,74.17867192064466,1
2013-02-01,NY,2013,74.22567280129205,2
2013-03-01,NY,2013,74.26812520961872,3
2013-04-01,NY,2013,74.3151260902661,4
2013-05-01,NY,2013,74.36061081347326,5
2013-06-01,NY,2013,74.40761169412065,6
2013-07-01,NY,2013,74.4530964173278,7
2013-08-01,NY,2013,74.50009729797519,8
2013-09-01,NY,2013,74.54709817862258,9
2013-10-01,NY,2013,74.59258290182972,10
2013-11-01,NY,2013,74.6395837824771,11
2013-12-01,NY,2013,74.68506850568426,12
2011-01-01,OH,2011,61.02778240351793,1
2011-02-01,OH,2011,60.936952418467335,2
2011-03-01,OH,2011,60.85491243197002,3
2011-04-01,OH,2011,60.764082446919424,4
2011-05-01,OH,2011,60.67618246138659,5
2011-06-01,OH,2011,60.58535247633599,6
2011-07-01,OH,2011,60.497452490803155,7
2011-08-01,OH,2011,60.40662250575256,8
2011-09-01,OH,2011,60.31579252070196,9
2011-10-01,OH,2011,60.227892535169126,10
2011-11-01,OH,2011,60.13706255011853,11
2011-12-01,OH,2011,60.04916256458569,12
2012-01-01,OH,2012,59.872294486984856,1
2012-02-01,OH,2012,59.69542640938403,2
2012-03-01,OH,2012,59.529969175499375,3
2012-04-01,OH,2012,59.353101097898545,4
2012-05-01,OH,2012,59.181938442155804,5
2012-06-01,OH,2012,59.00507036455497,6
2012-07-01,OH,2012,58.83390770881223,7
2012-08-01,OH,2012,58.65703963121139,8
2012-09-01,OH,2012,58.48017155361056,9
2012-10-01,OH,2012,58.30900889786782,10
2012-11-01,OH,2012,58.13214082026698,11
2012-12-01,OH,2012,57.96097816452424,12
2013-01-01,OH,2013,58.00510311681064,1
2013-02-01,OH,2013,58.04922806909704,2
2013-03-01,OH,2013,58.08908286471056,3
2013-04-01,OH,2013,58.13320781699696,4
2013-05-01,OH,2013,58.17590938372573,5
2013-06-01,OH,2013,58.220034336012134,6
2013-07-01,OH,2013,58.26273590274091,7
2013-08-01,OH,2013,58.3068608550273,8
2013-09-01,OH,2013,58.350985807313705,9
2013-10-01,OH,2013,58.39368737404248,10
2013-11-01,OH,2013,58.437812326328874,11
2013-12-01,OH,2013,58.48051389305765,12
2011-01-01,OK,2011,31.121158502450747,1
2011-02-01,OK,2011,31.04508949717243,2
2011-03-01,OK,2011,30.976382008533953,3
2011-04-01,OK,2011,30.900313003255636,4
2011-05-01,OK,2011,30.826697836857267,5
2011-06-01,OK,2011,30.750628831578954,6
2011-07-01,OK,2011,30.677013665180585,7
2011-08-01,OK,2011,30.600944659902268,8
2011-09-01,OK,2011,30.524875654623955,9
2011-10-01,OK,2011,30.451260488225586,10
2011-11-01,OK,2011,30.37519148294727,11
2011-12-01,OK,2011,30.3015763165489,12
2012-01-01,OK,2012,30.30493182967048,1
2012-02-01,OK,2012,30.30828734279206,2
2012-03-01,OK,2012,30.31142637119612,3
2012-04-01,OK,2012,30.3147818843177,4
2012-05-01,OK,2012,30.31802915508052,5
2012-06-01,OK,2012,30.3213846682021,6
2012-07-01,OK,2012,30.32463193896492,7
2012-08-01,OK,2012,30.3279874520865,8
2012-09-01,OK,2012,30.33134296520808,9
2012-10-01,OK,2012,30.3345902359709,10
2012-11-01,OK,2012,30.33794574909248,11
2012-12-01,OK,2012,30.3411930198553,12
2013-01-01,OK,2013,30.2960010685274,1
2013-02-01,OK,2013,30.2508091171995,2
2013-03-01,OK,2013,30.209990580516234,3
2013-04-01,OK,2013,30.16479862918833,4
2013-05-01,OK,2013,30.121064482741975,5
2013-06-01,OK,2013,30.075872531414074,6
2013-07-01,OK,2013,30.032138384967716,7
2013-08-01,OK,2013,29.986946433639815,8
2013-09-01,OK,2013,29.941754482311914,9
2013-10-01,OK,2013,29.89802033586556,10
2013-11-01,OK,2013,29.852828384537656,11
2013-12-01,OK,2013,29.8090942380913,12
2011-01-01,OR,2011,21.86868767941425,1
2011-02-01,OR,2011,21.771693252845502,2
2011-03-01,OR,2011,21.684085383686632,3
2011-04-01,OR,2011,21.587090957117884,4
2011-05-01,OR,2011,21.493225383019094,5
2011-06-01,OR,2011,21.396230956450342,6
2011-07-01,OR,2011,21.302365382351553,7
2011-08-01,OR,2011,21.205370955782804,8
2011-09-01,OR,2011,21.108376529214055,9
2011-10-01,OR,2011,21.014510955115266,10
2011-11-01,OR,2011,20.917516528546518,11
2011-12-01,OR,2011,20.82365095444773,12
2012-01-01,OR,2012,20.79788569832263,1
2012-02-01,OR,2012,20.772120442197533,2
2012-03-01,OR,2012,20.74801746066115,3
2012-04-01,OR,2012,20.72225220453605,4
2012-05-01,OR,2012,20.697318085705312,5
2012-06-01,OR,2012,20.671552829580214,6
2012-07-01,OR,2012,20.646618710749475,7
2012-08-01,OR,2012,20.620853454624378,8
2012-09-01,OR,2012,20.59508819849928,9
2012-10-01,OR,2012,20.570154079668537,10
2012-11-01,OR,2012,20.54438882354344,11
2012-12-01,OR,2012,20.5194547047127,12
2013-01-01,OR,2013,20.519796890533566,1
2013-02-01,OR,2013,20.520139076354432,2
2013-03-01,OR,2013,20.520448147418442,3
2013-04-01,OR,2013,20.52079033323931,4
2013-05-01,OR,2013,20.521121480807892,5
2013-06-01,OR,2013,20.521463666628758,6
2013-07-01,OR,2013,20.52179481419734,7
2013-08-01,OR,2013,20.522137000018205,8
2013-09-01,OR,2013,20.522479185839074,9
2013-10-01,OR,2013,20.522810333407655,10
2013-11-01,OR,2013,20.52315251922852,11
2013-12-01,OR,2013,20.5234836667971,12
2011-01-01,PA,2011,64.20774347882899,1
2011-02-01,PA,2011,64.17248843769619,2
2011-03-01,PA,2011,64.14064517473751,3
2011-04-01,PA,2011,64.1053901336047,4
2011-05-01,PA,2011,64.07127235186327,5
2011-06-01,PA,2011,64.03601731073047,6
2011-07-01,PA,2011,64.00189952898904,7
2011-08-01,PA,2011,63.96664448785623,8
2011-09-01,PA,2011,63.931389446723415,9
2011-10-01,PA,2011,63.897271664981986,10
2011-11-01,PA,2011,63.86201662384918,11
2011-12-01,PA,2011,63.82789884210775,12
2012-01-01,PA,2012,63.745180479785716,1
2012-02-01,PA,2012,63.66246211746368,2
2012-03-01,PA,2012,63.585080423678555,3
2012-04-01,PA,2012,63.50236206135652,4
2012-05-01,PA,2012,63.42231203330294,5
2012-06-01,PA,2012,63.3395936709809,6
2012-07-01,PA,2012,63.25954364292732,7
2012-08-01,PA,2012,63.176825280605286,8
2012-09-01,PA,2012,63.09410691828325,9
2012-10-01,PA,2012,63.014056890229675,10
2012-11-01,PA,2012,62.93133852790764,11
2012-12-01,PA,2012,62.85128849985406,12
2013-01-01,PA,2013,62.81068298005099,1
2013-02-01,PA,2013,62.77007746024793,2
2013-03-01,PA,2013,62.73340150687742,3
2013-04-01,PA,2013,62.69279598707436,4
2013-05-01,PA,2013,62.65350032274881,5
2013-06-01,PA,2013,62.61289480294575,6
2013-07-01,PA,2013,62.5735991386202,7
2013-08-01,PA,2013,62.532993618817144,8
2013-09-01,PA,2013,62.49238809901408,9
2013-10-01,PA,2013,62.453092434688536,10
2013-11-01,PA,2013,62.41248691488547,11
2013-12-01,PA,2013,62.37319125055993,12
2011-01-01,RI,2011,4.160558684569512,1
2011-02-01,RI,2011,4.143436014935523,2
2011-03-01,RI,2011,4.1279703778467605,3
2011-04-01,RI,2011,4.110847708212772,4
2011-05-01,RI,2011,4.094277382760525,5
2011-06-01,RI,2011,4.0771547131265375,6
2011-07-01,RI,2011,4.06058438767429,7
2011-08-01,RI,2011,4.0434617180403025,8
2011-09-01,RI,2011,4.026339048406315,9
2011-10-01,RI,2011,4.0097687229540675,10
2011-11-01,RI,2011,3.9926460533200796,11
2011-12-01,RI,2011,3.976075727867833,12
2012-01-01,RI,2012,3.9593995587623874,1
2012-02-01,RI,2012,3.9427233896569422,2
2012-03-01,RI,2012,3.927123102429267,3
2012-04-01,RI,2012,3.910446933323822,4
2012-05-01,RI,2012,3.894308705157262,5
2012-06-01,RI,2012,3.8776325360518165,6
2012-07-01,RI,2012,3.8614943078852564,7
2012-08-01,RI,2012,3.844818138779811,8
2012-09-01,RI,2012,3.8281419696743657,9
2012-10-01,RI,2012,3.8120037415078056,10
2012-11-01,RI,2012,3.79532757240236,11
2012-12-01,RI,2012,3.7791893442358,12
2013-01-01,RI,2013,3.7791608022254746,1
2013-02-01,RI,2013,3.7791322602151487,2
2013-03-01,RI,2013,3.7791064803348546,3
2013-04-01,RI,2013,3.7790779383245288,4
2013-05-01,RI,2013,3.779050317024214,5
2013-06-01,RI,2013,3.7790217750138884,6
2013-07-01,RI,2013,3.778994153713573,7
2013-08-01,RI,2013,3.7789656117032475,8
2013-09-01,RI,2013,3.7789370696929216,9
2013-10-01,RI,2013,3.7789094483926067,10
2013-11-01,RI,2013,3.778880906382281,11
2013-12-01,RI,2013,3.778853285081966,12
2011-01-01,SC,2011,31.39416001219931,1
2011-02-01,SC,2011,31.33674987364182,2
2011-03-01,SC,2011,31.284895554944733,3
2011-04-01,SC,2011,31.227485416387243,4
2011-05-01,SC,2011,31.17192721778322,5
2011-06-01,SC,2011,31.114517079225728,6
2011-07-01,SC,2011,31.058958880621706,7
2011-08-01,SC,2011,31.001548742064216,8
2011-09-01,SC,2011,30.944138603506726,9
2011-10-01,SC,2011,30.8885804049027,10
2011-11-01,SC,2011,30.83117026634521,11
2011-12-01,SC,2011,30.77561206774119,12
2012-01-01,SC,2012,30.677979495169236,1
2012-02-01,SC,2012,30.580346922597283,2
2012-03-01,SC,2012,30.489013225675134,3
2012-04-01,SC,2012,30.391380653103184,4
2012-05-01,SC,2012,30.296897518356133,5
2012-06-01,SC,2012,30.19926494578418,6
2012-07-01,SC,2012,30.104781811037128,7
2012-08-01,SC,2012,30.007149238465175,8
2012-09-01,SC,2012,29.909516665893225,9
2012-10-01,SC,2012,29.815033531146174,10
2012-11-01,SC,2012,29.71740095857422,11
2012-12-01,SC,2012,29.62291782382717,12
2013-01-01,SC,2013,29.70367987763704,1
2013-02-01,SC,2013,29.78444193144691,2
2013-03-01,SC,2013,29.857388302630017,3
2013-04-01,SC,2013,29.938150356439888,4
2013-05-01,SC,2013,30.016307182707504,5
2013-06-01,SC,2013,30.097069236517374,6
2013-07-01,SC,2013,30.17522606278499,7
2013-08-01,SC,2013,30.255988116594857,8
2013-09-01,SC,2013,30.336750170404727,9
2013-10-01,SC,2013,30.414906996672343,10
2013-11-01,SC,2013,30.495669050482213,11
2013-12-01,SC,2013,30.57382587674983,12
2011-01-01,SD,2011,6.382815016410066,1
2011-02-01,SD,2011,6.379574233954533,2
2011-03-01,SD,2011,6.3766470756075995,3
2011-04-01,SD,2011,6.373406293152066,4
2011-05-01,SD,2011,6.370270052066066,5
2011-06-01,SD,2011,6.367029269610533,6
2011-07-01,SD,2011,6.363893028524532,7
2011-08-01,SD,2011,6.360652246068999,8
2011-09-01,SD,2011,6.357411463613466,9
2011-10-01,SD,2011,6.354275222527466,10
2011-11-01,SD,2011,6.351034440071932,11
2011-12-01,SD,2011,6.347898198985932,12
2012-01-01,SD,2012,6.374146864067904,1
2012-02-01,SD,2012,6.4003955291498755,2
2012-03-01,SD,2012,6.424950731968495,3
2012-04-01,SD,2012,6.451199397050466,4
2012-05-01,SD,2012,6.476601331000761,5
2012-06-01,SD,2012,6.502849996082732,6
2012-07-01,SD,2012,6.5282519300330275,7
2012-08-01,SD,2012,6.554500595114999,8
2012-09-01,SD,2012,6.580749260196971,9
2012-10-01,SD,2012,6.606151194147266,10
2012-11-01,SD,2012,6.6323998592292375,11
2012-12-01,SD,2012,6.657801793179533,12
2013-01-01,SD,2013,6.637532814119129,1
2013-02-01,SD,2013,6.617263835058726,2
2013-03-01,SD,2013,6.598956370100941,3
2013-04-01,SD,2013,6.578687391040537,4
2013-05-01,SD,2013,6.55907225001434,5
2013-06-01,SD,2013,6.538803270953936,6
2013-07-01,SD,2013,6.519188129927739,7
2013-08-01,SD,2013,6.498919150867335,8
2013-09-01,SD,2013,6.478650171806931,9
2013-10-01,SD,2013,6.4590350307807345,10
2013-11-01,SD,2013,6.4387660517203305,11
2013-12-01,SD,2013,6.419150910694134,12
2011-01-01,TN,2011,42.25531613005534,1
2011-02-01,TN,2011,42.220320628261085,2
2011-03-01,TN,2011,42.18871178793079,3
2011-04-01,TN,2011,42.153716286136536,4
2011-05-01,TN,2011,42.11984967149693,5
2011-06-01,TN,2011,42.08485416970267,6
2011-07-01,TN,2011,42.050987555063074,7
2011-08-01,TN,2011,42.01599205326882,8
2011-09-01,TN,2011,41.98099655147456,9
2011-10-01,TN,2011,41.947129936834955,10
2011-11-01,TN,2011,41.9121344350407,11
2011-12-01,TN,2011,41.8782678204011,12
2012-01-01,TN,2012,41.74920384213781,1
2012-02-01,TN,2012,41.62013986387452,2
2012-03-01,TN,2012,41.49940259388628,3
2012-04-01,TN,2012,41.37033861562299,4
2012-05-01,TN,2012,41.24543799149723,5
2012-06-01,TN,2012,41.11637401323394,6
2012-07-01,TN,2012,40.991473389108165,7
2012-08-01,TN,2012,40.862409410844876,8
2012-09-01,TN,2012,40.73334543258159,9
2012-10-01,TN,2012,40.60844480845582,10
2012-11-01,TN,2012,40.47938083019253,11
2012-12-01,TN,2012,40.35448020606677,12
2013-01-01,TN,2013,40.3578233487126,1
2013-02-01,TN,2013,40.36116649135843,2
2013-03-01,TN,2013,40.3641861040708,3
2013-04-01,TN,2013,40.36752924671663,4
2013-05-01,TN,2013,40.370764546051305,5
2013-06-01,TN,2013,40.37410768869714,6
2013-07-01,TN,2013,40.37734298803181,7
2013-08-01,TN,2013,40.380686130677645,8
2013-09-01,TN,2013,40.38402927332348,9
2013-10-01,TN,2013,40.387264572658154,10
2013-11-01,TN,2013,40.390607715303986,11
2013-12-01,TN,2013,40.39384301463866,12
2011-01-01,TX,2011,183.95885278311215,1
2011-02-01,TX,2011,183.9474861207452,2
2011-03-01,TX,2011,183.93721945796213,3
2011-04-01,TX,2011,183.92585279559518,4
2011-05-01,TX,2011,183.91485279975618,5
2011-06-01,TX,2011,183.90348613738922,6
2011-07-01,TX,2011,183.89248614155025,7
2011-08-01,TX,2011,183.88111947918327,8
2011-09-01,TX,2011,183.86975281681632,9
2011-10-01,TX,2011,183.85875282097734,10
2011-11-01,TX,2011,183.8473861586104,11
2011-12-01,TX,2011,183.8363861627714,12
2012-01-01,TX,2012,183.81404568823544,1
2012-02-01,TX,2012,183.79170521369952,2
2012-03-01,TX,2012,183.77080606010136,3
2012-04-01,TX,2012,183.74846558556544,4
2012-05-01,TX,2012,183.7268457714984,5
2012-06-01,TX,2012,183.70450529696245,6
2012-07-01,TX,2012,183.68288548289541,7
2012-08-01,TX,2012,183.66054500835946,8
2012-09-01,TX,2012,183.63820453382354,9
2012-10-01,TX,2012,183.6165847197565,10
2012-11-01,TX,2012,183.59424424522055,11
2012-12-01,TX,2012,183.5726244311535,12
2013-01-01,TX,2013,184.77752280304716,1
2013-02-01,TX,2013,185.98242117494078,2
2013-03-01,TX,2013,187.07071647858666,3
2013-04-01,TX,2013,188.27561485048028,4
2013-05-01,TX,2013,189.441645532958,5
2013-06-01,TX,2013,190.64654390485163,6
2013-07-01,TX,2013,191.81257458732935,7
2013-08-01,TX,2013,193.017472959223,8
2013-09-01,TX,2013,194.22237133111662,9
2013-10-01,TX,2013,195.38840201359434,10
2013-11-01,TX,2013,196.59330038548796,11
2013-12-01,TX,2013,197.7593310679657,12
2011-01-01,UT,2011,15.726234828263532,1
2011-02-01,UT,2011,15.808462840312366,2
2011-03-01,UT,2011,15.882733302808084,3
2011-04-01,UT,2011,15.964961314856916,4
2011-05-01,UT,2011,16.044536810388045,5
2011-06-01,UT,2011,16.12676482243688,6
2011-07-01,UT,2011,16.206340317968007,7
2011-08-01,UT,2011,16.288568330016837,8
2011-09-01,UT,2011,16.37079634206567,9
2011-10-01,UT,2011,16.450371837596798,10
2011-11-01,UT,2011,16.53259984964563,11
2011-12-01,UT,2011,16.61217534517676,12
2012-01-01,UT,2012,16.560759101418817,1
2012-02-01,UT,2012,16.50934285766088,2
2012-03-01,UT,2012,16.46124379091958,3
2012-04-01,UT,2012,16.40982754716164,4
2012-05-01,UT,2012,16.36006989191202,5
2012-06-01,UT,2012,16.308653648154078,6
2012-07-01,UT,2012,16.25889599290446,7
2012-08-01,UT,2012,16.20747974914652,8
2012-09-01,UT,2012,16.15606350538858,9
2012-10-01,UT,2012,16.10630585013896,10
2012-11-01,UT,2012,16.05488960638102,11
2012-12-01,UT,2012,16.0051319511314,12
2013-01-01,UT,2013,16.018902815053607,1
2013-02-01,UT,2013,16.03267367897581,2
2013-03-01,UT,2013,16.045111878647482,3
2013-04-01,UT,2013,16.05888274256969,4
2013-05-01,UT,2013,16.072209385075052,5
2013-06-01,UT,2013,16.08598024899726,6
2013-07-01,UT,2013,16.099306891502618,7
2013-08-01,UT,2013,16.113077755424825,8
2013-09-01,UT,2013,16.126848619347033,9
2013-10-01,UT,2013,16.140175261852395,10
2013-11-01,UT,2013,16.1539461257746,11
2013-12-01,UT,2013,16.16727276827996,12
2011-01-01,VA,2011,51.98599602965033,1
2011-02-01,VA,2011,51.80401362359861,2
2011-03-01,VA,2011,51.63964241813253,3
2011-04-01,VA,2011,51.4576600120808,4
2011-05-01,VA,2011,51.28154800622429,5
2011-06-01,VA,2011,51.09956560017256,6
2011-07-01,VA,2011,50.92345359431605,7
2011-08-01,VA,2011,50.74147118826432,8
2011-09-01,VA,2011,50.5594887822126,9
2011-10-01,VA,2011,50.38337677635609,10
2011-11-01,VA,2011,50.20139437030436,11
2011-12-01,VA,2011,50.02528236444785,12
2012-01-01,VA,2012,50.05641352048678,1
2012-02-01,VA,2012,50.08754467652571,2
2012-03-01,VA,2012,50.11666737088471,3
2012-04-01,VA,2012,50.147798526923644,4
2012-05-01,VA,2012,50.17792545212261,5
2012-06-01,VA,2012,50.20905660816154,6
2012-07-01,VA,2012,50.2391835333605,7
2012-08-01,VA,2012,50.270314689399434,8
2012-09-01,VA,2012,50.301445845438366,9
2012-10-01,VA,2012,50.33157277063734,10
2012-11-01,VA,2012,50.36270392667627,11
2012-12-01,VA,2012,50.39283085187523,12
2013-01-01,VA,2013,50.37481818465044,1
2013-02-01,VA,2013,50.35680551742564,2
2013-03-01,VA,2013,50.340536011545176,3
2013-04-01,VA,2013,50.32252334432038,4
2013-05-01,VA,2013,50.30509173087703,5
2013-06-01,VA,2013,50.28707906365223,6
2013-07-01,VA,2013,50.26964745020888,7
2013-08-01,VA,2013,50.251634782984084,8
2013-09-01,VA,2013,50.23362211575929,9
2013-10-01,VA,2013,50.21619050231593,10
2013-11-01,VA,2013,50.19817783509114,11
2013-12-01,VA,2013,50.18074622164779,12
2011-01-01,VT,2011,3.4120631204905787,1
2011-02-01,VT,2011,3.403570991398992,2
2011-03-01,VT,2011,3.395900681251752,3
2011-04-01,VT,2011,3.387408552160165,4
2011-05-01,VT,2011,3.379190362716694,5
2011-06-01,VT,2011,3.370698233625107,6
2011-07-01,VT,2011,3.3624800441816354,7
2011-08-01,VT,2011,3.3539879150900487,8
2011-09-01,VT,2011,3.3454957859984615,9
2011-10-01,VT,2011,3.33727759655499,10
2011-11-01,VT,2011,3.3287854674634034,11
2011-12-01,VT,2011,3.320567278019932,12
2012-01-01,VT,2012,3.3130848803009862,1
2012-02-01,VT,2012,3.3056024825820405,2
2012-03-01,VT,2012,3.298602820199801,3
2012-04-01,VT,2012,3.2911204224808546,4
2012-05-01,VT,2012,3.283879392430262,5
2012-06-01,VT,2012,3.276396994711316,6
2012-07-01,VT,2012,3.2691559646607233,7
2012-08-01,VT,2012,3.2616735669417776,8
2012-09-01,VT,2012,3.2541911692228314,9
2012-10-01,VT,2012,3.2469501391722386,10
2012-11-01,VT,2012,3.239467741453293,11
2012-12-01,VT,2012,3.2322267114027,12
2013-01-01,VT,2013,3.23482870747406,1
2013-02-01,VT,2013,3.2374307035454195,2
2013-03-01,VT,2013,3.2397808935453574,3
2013-04-01,VT,2013,3.2423828896167173,4
2013-05-01,VT,2013,3.2449009503309365,5
2013-06-01,VT,2013,3.2475029464022964,6
2013-07-01,VT,2013,3.250021007116515,7
2013-08-01,VT,2013,3.252623003187875,8
2013-09-01,VT,2013,3.255224999259235,9
2013-10-01,VT,2013,3.2577430599734543,10
2013-11-01,VT,2013,3.2603450560448137,11
2013-12-01,VT,2013,3.262863116759033,12
2011-01-01,WA,2011,38.594260754120896,1
2011-02-01,WA,2011,38.67701494789776,2
2011-03-01,WA,2011,38.75176067130912,3
2011-04-01,WA,2011,38.834514865085985,4
2011-05-01,WA,2011,38.91459956874101,5
2011-06-01,WA,2011,38.997353762517875,6
2011-07-01,WA,2011,39.07743846617291,7
2011-08-01,WA,2011,39.16019265994977,8
2011-09-01,WA,2011,39.242946853726636,9
2011-10-01,WA,2011,39.32303155738166,10
2011-11-01,WA,2011,39.405785751158525,11
2011-12-01,WA,2011,39.48587045481356,12
2012-01-01,WA,2012,39.49599679056523,1
2012-02-01,WA,2012,39.5061231263169,2
2012-03-01,WA,2012,39.5155961500846,3
2012-04-01,WA,2012,39.52572248583627,4
2012-05-01,WA,2012,39.53552216559596,5
2012-06-01,WA,2012,39.54564850134763,6
2012-07-01,WA,2012,39.55544818110731,7
2012-08-01,WA,2012,39.56557451685899,8
2012-09-01,WA,2012,39.57570085261066,9
2012-10-01,WA,2012,39.58550053237034,10
2012-11-01,WA,2012,39.59562686812202,11
2012-12-01,WA,2012,39.6054265478817,12
2013-01-01,WA,2013,39.65988962911662,1
2013-02-01,WA,2013,39.71435271035155,2
2013-03-01,WA,2013,39.7635451708218,3
2013-04-01,WA,2013,39.81800825205673,4
2013-05-01,WA,2013,39.87071445970343,5
2013-06-01,WA,2013,39.92517754093835,6
2013-07-01,WA,2013,39.97788374858505,7
2013-08-01,WA,2013,40.03234682981998,8
2013-09-01,WA,2013,40.0868099110549,9
2013-10-01,WA,2013,40.1395161187016,10
2013-11-01,WA,2013,40.19397919993653,11
2013-12-01,WA,2013,40.24668540758323,12
2011-01-01,WI,2011,29.375852220077444,1
2011-02-01,WI,2011,29.290345439416033,2
2011-03-01,WI,2011,29.213113508496043,3
2011-04-01,WI,2011,29.127606727834632,4
2011-05-01,WI,2011,29.04485823042036,5
2011-06-01,WI,2011,28.959351449758945,6
2011-07-01,WI,2011,28.876602952344676,7
2011-08-01,WI,2011,28.79109617168326,8
2011-09-01,WI,2011,28.705589391021846,9
2011-10-01,WI,2011,28.622840893607574,10
2011-11-01,WI,2011,28.537334112946162,11
2011-12-01,WI,2011,28.45458561553189,12
2012-01-01,WI,2012,28.447871671786956,1
2012-02-01,WI,2012,28.441157728042022,2
2012-03-01,WI,2012,28.434876941958052,3
2012-04-01,WI,2012,28.428162998213118,4
2012-05-01,WI,2012,28.421665633298666,5
2012-06-01,WI,2012,28.41495168955373,6
2012-07-01,WI,2012,28.408454324639276,7
2012-08-01,WI,2012,28.401740380894342,8
2012-09-01,WI,2012,28.395026437149408,9
2012-10-01,WI,2012,28.388529072234956,10
2012-11-01,WI,2012,28.38181512849002,11
2012-12-01,WI,2012,28.37531776357557,12
2013-01-01,WI,2013,28.336309389684807,1
2013-02-01,WI,2013,28.297301015794044,2
2013-03-01,WI,2013,28.262067645828193,3
2013-04-01,WI,2013,28.223059271937426,4
2013-05-01,WI,2013,28.1853092326883,5
2013-06-01,WI,2013,28.146300858797538,6
2013-07-01,WI,2013,28.108550819548412,7
2013-08-01,WI,2013,28.06954244565765,8
2013-09-01,WI,2013,28.030534071766883,9
2013-10-01,WI,2013,27.992784032517758,10
2013-11-01,WI,2013,27.953775658626995,11
2013-12-01,WI,2013,27.91602561937787,12
2011-01-01,WV,2011,11.376966068420632,1
2011-02-01,WV,2011,11.338968336820166,2
2011-03-01,WV,2011,11.304647805052001,3
2011-04-01,WV,2011,11.266650073451533,4
2011-05-01,WV,2011,11.2298780751285,5
2011-06-01,WV,2011,11.191880343528032,6
2011-07-01,WV,2011,11.155108345204999,7
2011-08-01,WV,2011,11.117110613604533,8
2011-09-01,WV,2011,11.079112882004065,9
2011-10-01,WV,2011,11.042340883681032,10
2011-11-01,WV,2011,11.004343152080564,11
2011-12-01,WV,2011,10.96757115375753,12
2012-01-01,WV,2012,11.00152372448406,1
2012-02-01,WV,2012,11.03547629521059,2
2012-03-01,WV,2012,11.067238377503148,3
2012-04-01,WV,2012,11.101190948229677,4
2012-05-01,WV,2012,11.134048274739222,5
2012-06-01,WV,2012,11.16800084546575,6
2012-07-01,WV,2012,11.200858171975295,7
2012-08-01,WV,2012,11.234810742701823,8
2012-09-01,WV,2012,11.268763313428352,9
2012-10-01,WV,2012,11.301620639937896,10
2012-11-01,WV,2012,11.335573210664425,11
2012-12-01,WV,2012,11.36843053717397,12
2013-01-01,WV,2013,11.33423142994498,1
2013-02-01,WV,2013,11.30003232271599,2
2013-03-01,WV,2013,11.26914280650916,3
2013-04-01,WV,2013,11.234943699280171,4
2013-05-01,WV,2013,11.201847789058569,5
2013-06-01,WV,2013,11.167648681829577,6
2013-07-01,WV,2013,11.134552771607975,7
2013-08-01,WV,2013,11.100353664378986,8
2013-09-01,WV,2013,11.066154557149996,9
2013-10-01,WV,2013,11.033058646928392,10
2013-11-01,WV,2013,10.998859539699403,11
2013-12-01,WV,2013,10.9657636294778,12
2011-01-01,WY,2011,8.18262204312077,1
2011-02-01,WY,2011,8.124684507938106,2
2011-03-01,WY,2011,8.072353830998926,3
2011-04-01,WY,2011,8.014416295816263,4
2011-05-01,WY,2011,7.958347713381427,5
2011-06-01,WY,2011,7.900410178198763,6
2011-07-01,WY,2011,7.844341595763927,7
2011-08-01,WY,2011,7.786404060581264,8
2011-09-01,WY,2011,7.7284665253986,9
2011-10-01,WY,2011,7.672397942963765,10
2011-11-01,WY,2011,7.614460407781101,11
2011-12-01,WY,2011,7.558391825346265,12
2012-01-01,WY,2012,7.591579900068888,1
2012-02-01,WY,2012,7.624767974791512,2
2012-03-01,WY,2012,7.655814883402998,3
2012-04-01,WY,2012,7.689002958125621,4
2012-05-01,WY,2012,7.721120449792676,5
2012-06-01,WY,2012,7.754308524515299,6
2012-07-01,WY,2012,7.786426016182354,7
2012-08-01,WY,2012,7.8196140909049765,8
2012-09-01,WY,2012,7.852802165627599,9
2012-10-01,WY,2012,7.884919657294654,10
2012-11-01,WY,2012,7.918107732017277,11
2012-12-01,WY,2012,7.950225223684332,12
2013-01-01,WY,2013,7.91908120644656,1
2013-02-01,WY,2013,7.887937189208788,2
2013-03-01,WY,2013,7.859807109123058,3
2013-04-01,WY,2013,7.828663091885287,4
2013-05-01,WY,2013,7.798523720364861,5
2013-06-01,WY,2013,7.76737970312709,6
2013-07-01,WY,2013,7.737240331606665,7
2013-08-01,WY,2013,7.706096314368893,8
2013-09-01,WY,2013,7.674952297131121,9
2013-10-01,WY,2013,7.6448129256106965,10
2013-11-01,WY,2013,7.613668908372924,11
2013-12-01,WY,2013,7.5835295368525,12
